part_number,description,quantity,preferred_supplier_model,nominal_voltage,status,notes
PUR-001,J2 closed-loop motor and driver candidate,1,StepperOnline 1-CL57TE-S20,24 VDC bus,RESEARCH_CANDIDATE,"DO NOT BUY pending motor test"
PUR-002,J1/J3/J4 closed-loop motor and driver candidate,3,StepperOnline 1-CL42T-P05-V41,24 VDC bus,RESEARCH_CANDIDATE,"DO NOT BUY pending motor test"
PUR-003,Gripper actuator candidate,1,ROBOTIS XL330-M288-T,5 VDC,RESEARCH_CANDIDATE,"Current-based force proxy requires calibration"
PUR-004,AI host,1,Existing x86 PC,Existing,REUSE_ESTIMATE,"Benchmark first"
PUR-005,Camera candidate,1,Raspberry Pi Camera Module 3 Wide,Host CSI rail,RESEARCH_CANDIDATE,"Planar calibration only without depth"
PUR-006,Bench power supply candidate,1,MEAN WELL LRS-450-24,230 VAC to 24 VDC,RESEARCH_CANDIDATE,"HUMAN ENGINEERING REVIEW REQUIRED"
PUR-007,Motion MCU candidate,1,Raspberry Pi Pico 2,5 VDC,RESEARCH_CANDIDATE,"Isolated I/O required"
PUR-008,Emergency-stop button candidate,1,Omron A22E-M-02,24 VDC safety loop,RESEARCH_CANDIDATE,"HUMAN ENGINEERING REVIEW REQUIRED"
PUR-009,Safety relay candidate,1,Omron G9SE-201,24 VDC,RESEARCH_CANDIDATE,"HUMAN ENGINEERING REVIEW REQUIRED"
PUR-010,Final switching contactors,2,TBD force-guided,24 VDC coil,UNVERIFIED,"HUMAN ENGINEERING REVIEW REQUIRED"
PUR-015,Home/limit switches,5,NC type TBD,24 VDC preferred,ESTIMATE,"Operational only; not the safety function"
PUR-016,Protected DC/DC converters,2,TBD,24 VDC to 5 VDC,ESTIMATE,"Separate AI and gripper rails"
PUR-017,Fuse holders and DC distribution,1,TBD,24 VDC,ESTIMATE,"See electrical/FUSE_TABLE.csv"
PUR-018,Enclosure wiring terminals and glands,1,TBD,Mixed,ESTIMATE,"Mains and PE review required"
