line_id,standard_family,description,quantity,material_or_grade,status,notes
FST-001,ISO 4762,M2 x 8 socket-head cap screw,8,A2-70 stainless,CONTROLLED_STANDARD,"Camera board and small sensor brackets; use polymer washers at PCB"
FST-002,ISO 7089,M2 flat washer,8,A2 stainless,CONTROLLED_STANDARD,"PCB/contact protection"
FST-003,ISO 4762,M2.5 x 8 socket-head cap screw,8,A2-70 stainless,CONTROLLED_STANDARD,"Raspberry Pi 5 and Pico carrier standoffs"
FST-004,DIN 976-1,M2.5 female-female hex standoff 12 mm,8,Brass nickel-plated,CONTROLLED_STANDARD,"Verify connector clearance on incoming Pi 5"
FST-005,ISO 4762,M3 x 8 socket-head cap screw,24,A2-70 stainless,CONTROLLED_STANDARD,"XL330/gripper covers and low-load brackets"
FST-006,ISO 7089,M3 flat washer,24,A2 stainless,CONTROLLED_STANDARD,"Match M3 screws"
FST-007,ISO 4762,M4 x 12 socket-head cap screw,16,Class 10.9 zinc-flake coated,CONTROLLED_STANDARD,"NEMA17 gearbox flanges and distal bearing retainers; torque after supplier data"
FST-008,ISO 7089,M4 flat washer,16,HV200 zinc-coated steel,CONTROLLED_STANDARD,"Motor flange washers"
FST-009,ISO 4762,M5 x 16 socket-head cap screw,12,Class 10.9 zinc-flake coated,CONTROLLED_STANDARD,"NEMA23 gearbox flanges and proximal retainers"
FST-010,ISO 7089,M5 flat washer,12,HV200 zinc-coated steel,CONTROLLED_STANDARD,"Motor flange washers"
FST-011,ISO 4762,M6 x 20 socket-head cap screw,12,Class 10.9 zinc-flake coated,CONTROLLED_STANDARD,"ARM-001 and metal link clamps"
FST-012,ISO 7089,M6 flat washer,12,HV200 zinc-coated steel,CONTROLLED_STANDARD,"Metal joint assembly"
FST-013,ISO 7040,M6 prevailing-torque nut,8,Class 10 zinc-coated,CONTROLLED_STANDARD,"Use only on static joints with visible thread engagement"
FST-014,ISO 4762,M8 x 35 socket-head cap screw,8,Class 10.9 zinc-flake coated,CONTROLLED_STANDARD,"Fixture legs and base anchoring"
FST-015,ISO 7089,M8 flat washer,16,HV200 zinc-coated steel,CONTROLLED_STANDARD,"Fixture distribution washers"
FST-016,ISO 7040,M8 prevailing-torque nut,8,Class 10 zinc-coated,CONTROLLED_STANDARD,"Fixture joints"
FST-017,ISO 4026,M4 x 6 cup-point set screw,8,Class 45H,CONTROLLED_STANDARD,"Accessory collars only; not sole torque transmission"
