part_id,system,part_name,selected_candidate,quantity,unit_price_try,line_total_try,price_status,source_url,purpose,release_status,notes
P0-DRV-001,Drive,24V 250W brushed geared DC motor,Pilmak 24V 250W,2,8849.25,17698.50,CURRENT_WEB,https://www.pilmak.com/urun/24v-250w-fircali-reduktorlu-motor/,Left/right traction,P0_SAMPLE_ONLY,Output rpm continuous torque stall current duty and shaft drawing required before sprocket release
P0-DRV-002,Drive,600 pulse incremental encoder,E38S6G5-600BG24N,2,588.32,1176.64,CURRENT_WEB,https://www.robotistan.com/doner-enkoder-600d,Wheel speed feedback,CONTROLLED_CANDIDATE,Encoder mounts and wheel-side installation TBD
P0-DRV-003,Drive,Dual 30A brushed motor driver,Cytron MDDS30,1,6500.00,6500.00,DELIVERED_ESTIMATE,https://www.cytron.io/p-30amp-7v-35v-smartdrive-dc-motor-driver-2-channels,Drive both motors,P0_SAMPLE_ONLY,Official price USD 86.90; Turkey delivered cost estimate; no closed-loop encoder control onboard
P0-PWR-001,Power,24V 18Ah LiFePO4 battery plus charger,IYONSAN IYN-UMY-2418-SET,1,7499.00,7499.00,CURRENT_WEB,https://www.pilzenplus.com/umay,Main energy,P0_SAMPLE_ONLY,BMS continuous/peak current connector polarity and enclosure dimensions required
P0-COM-001,Compute,Raspberry Pi 5 8GB,Raspberry Pi 5 8GB,1,4634.00,4634.00,CURRENT_WEB,https://robolinkmarket.com/raspberry-pi-5-8gb,Camera and high-level control,CONTROLLED_CANDIDATE,Use 4GB or existing PC if benchmark is sufficient
P0-VIS-001,Vision,Wide camera module,Raspberry Pi Camera Module 3 Wide,1,2010.84,2010.84,CURRENT_COMPARISON,https://www.akakce.com/elektronik-kart/en-ucuz-raspberry-pi-kamera-modulu-3-fiyati%2C626069889.html,Forward camera,CONTROLLED_CANDIDATE,Final seller and Pi 5 camera cable must be confirmed
P0-CTL-001,Control,Low-level controller,ESP32 development board,1,450.00,450.00,ESTIMATE,https://www.robotistan.com/esp32,Encoder PID watchdog and bumper input,CONTROLLED_CLASS,Exact board after I/O count review
P0-COM-002,Compute,64GB high-endurance microSD,Local retail candidate,1,600.00,600.00,ESTIMATE,https://www.n11.com/arama?q=64gb+high+endurance+microsd,OS logs and video buffer,CONTROLLED_CLASS,Use high-endurance card
P0-COM-003,Compute,Pi active cooler and enclosure,Local retail set,1,1000.00,1000.00,ESTIMATE,https://www.n11.com/arama?q=raspberry+pi+5+active+cooler+kasa,Thermal and physical protection,CONTROLLED_CLASS,Not an outdoor IP enclosure
P0-PWR-002,Power,24V to 5V 5A DC/DC,Automotive buck candidate,1,800.00,800.00,ESTIMATE,https://www.direnc.net/dc-dc-konverter,Pi and control power,P0_SAMPLE_ONLY,Pi 5 transient and 5A test required
P0-MEC-001,Mechanics,10-inch pneumatic wheel and rim,Generic scooter wheel,4,1200.00,4800.00,ESTIMATE,https://www.n11.com/arama?q=10+in%C3%A7+scooter+teker+cant,Four equal road wheels,P0_DIMENSION_GATE,All four must share tyre and rim; front/rear hub interfaces may use adapters after measurement
P0-MEC-002,Mechanics,Compact front steering knuckle spindle and hub pair,Customizable go-kart class,1,3500.00,3500.00,ESTIMATE,https://www.baskentfreze.com.tr/urun/full-set-on-direksiyon-takimi,Support and steer front wheels,P0_DIMENSION_GATE,Rev-F uses 830mm track and 510mm wheelbase; measured knuckles and new linkage geometry required
P0-MEC-003,Mechanics,08B sprockets 12T and 60T,Local power transmission set,4,400.00,1600.00,ESTIMATE,https://www.mermakcnc.com.tr/,5 to 1 wheel reduction,P0_DIMENSION_GATE,Motor shaft and wheel hub determine bores
P0-MEC-004,Mechanics,08B chain and master links,Local power transmission set,2,300.00,600.00,ESTIMATE,https://www.mermakcnc.com.tr/,Left/right transmission,CONTROLLED_CLASS,Guards mandatory
P0-MEC-005,Mechanics,Axle bearing bracket and shaft set,25mm standard shaft and UCFL bearings,2,1250.00,2500.00,ESTIMATE,https://www.rulman.com/,Separately support drive wheels,P0_DIMENSION_GATE,Final wheel hub controls axle drawing
P0-STR-001,Structure,30x30 sigma profile 6m cut set,Channel 8 profile,1,3500.00,3500.00,STALE_ESTIMATE / RFQ_REQUIRED,https://sigmaprofil.com.tr/,Bolt-together frame,RFQ_REQUIRED,Rev-F 650x600mm starting envelope plus 660mm arm crossmember; cut list and price refresh required
P0-STR-002,Structure,Corner bracket and T-nut set,Channel 8 M8 set,1,1800.00,1800.00,ESTIMATE,https://www.otomasyoncu.net/,Frame assembly,CONTROLLED_CLASS,No welding
P0-STR-003,Structure,Top and bottom deck sheet,12mm birch plywood or HDPE,1,1200.00,1200.00,ESTIMATE,https://www.n11.com/arama?q=12mm+hu%C5%9F+kontrplak,Mount battery electronics and future load,CONTROLLED_CLASS,Plywood only for dry prototype
P0-SAF-001,Safety,Emergency stop button,Schneider XB5AS8442 candidate,1,466.39,466.39,CURRENT_WEB,https://www.n11.com/urun/schneider-xb5as8442-acil-stop-butonu-1nk-cevir-cek-tip-22mm-n111442-12569700,Operator stop input,P0_PROTOTYPE,Hardwired motor contactor release; commercial safety review later
P0-SAF-002,Safety,24V 40-60A motor contactor,Automotive DC contactor,1,1200.00,1200.00,ESTIMATE,https://www.n11.com/arama?q=24v+60a+kontakt%C3%B6r,Cut traction energy,P0_SAMPLE_ONLY,DC breaking rating and flyback suppression required
P0-PWR-003,Power,30A fuse and covered holder,Automotive MIDI set,1,600.00,600.00,ESTIMATE,https://www.n11.com/arama?q=midi+30a+sigorta+yuvas%C4%B1,Protect main cable,P0_CALC_REQUIRED,Final value after measured stall current
P0-PWR-004,Power,Manual battery disconnect,Rotary DC switch,1,500.00,500.00,ESTIMATE,https://www.n11.com/arama?q=ak%C3%BC+kesici+24v,Service isolation,CONTROLLED_CLASS,Mount next to battery
P0-CAB-001,Electrical,Power signal cable connector and ferrule set,Local automotive electrical set,1,2000.00,2000.00,ESTIMATE,https://www.n11.com/arama?q=oto+elektrik+kablo+pabu%C3%A7+seti,Complete harness,P0_CALC_REQUIRED,Cable sizes after measured current and voltage-drop calculation
P0-SAF-003,Safety,Mechanical bumper switches,Roller microswitch set,4,250.00,1000.00,ESTIMATE,https://www.motorobit.com/emniyet-switch,Contact stop at four corners,P0_SAMPLE_ONLY,Prototype operational stop; not certified safety edge
P0-SAF-004,Safety,24V beacon and buzzer,Automotive warning set,1,500.00,500.00,ESTIMATE,https://www.n11.com/arama?q=24v+ikaz+lambas%C4%B1+buzzer,Movement warning,CONTROLLED_CLASS,Sound and visibility test
P0-ELE-001,Electrical,Electronics enclosure,ABS box,1,1200.00,1200.00,ESTIMATE,https://www.n11.com/arama?q=abs+elektrik+pano,Protect controller and wiring,P0_DIMENSION_GATE,Final size after component layout
P0-RC-001,Control,Manual RC transmitter and receiver,6-channel 2.4GHz class,1,2500.00,2500.00,ESTIMATE,https://www.robotistan.com/uzaktan-kumanda,Independent manual takeover,P0_SAMPLE_ONLY,Failsafe output must command zero speed
P0-FST-001,Assembly,M5 M6 M8 fastener and washer set,Zinc 8.8 and nyloc mix,1,1500.00,1500.00,ESTIMATE,https://www.civatasomun.com/,Frame motor bearing and enclosure assembly,CONTROLLED_CLASS,Final quantities after CAD
P0-MEC-006,Mechanics,Chain and wheel guard material,2mm aluminium or 3mm HDPE,1,1000.00,1000.00,ESTIMATE,https://www.plastiklevha.com.tr/,Prevent entanglement and pinch access,P0_CAD_REQUIRED,Guard must cover both chain runs
P0-MEC-007,Steering,24V 100mm linear actuator,F1Depo 1000N class,1,2218.80,2218.80,CURRENT_WEB,https://www.f1depo.com/urun/24v-100mm-lineer-aktuator-motor,Move Ackermann tie rod,P0_SAMPLE_ONLY,Listed 24V 100mm 12mm/s 1000N IP43; feedback output duty cycle actual current and dimensions must be confirmed
P0-MEC-008,Steering,Tie rods rod ends and steering arms,M12 go-kart class set,1,1800.00,1800.00,ESTIMATE,https://www.baskentfreze.com.tr/urun/full-set-on-direksiyon-takimi,Transmit actuator motion to both knuckles,P0_DIMENSION_GATE,Ackermann pickup points and tie-rod lengths released only after measured knuckles
P0-CTL-002,Control,Reversible steering actuator driver,24V brushed H-bridge class,1,1200.00,1200.00,ESTIMATE,https://www.robotistan.com/motor-suruculeri,Drive linear actuator from ESP32,P0_SAMPLE_ONLY,Continuous and stall current selection blocked by actuator measurement
P0-SEN-001,Steering,Steering position sensor,Sealed rotary or linear potentiometer class,1,600.00,600.00,ESTIMATE,https://www.direnc.net/potansiyometre,Close steering-angle loop,P0_SAMPLE_ONLY,Omit only if delivered actuator has suitable absolute feedback; calibration and redundant end limits required
P0-MSC-001,General,Shipping consumables and dimensional contingency,Local mixed,1,2000.00,2000.00,ESTIMATE,,Complete first prototype,ESTIMATE,Not product margin or 15 percent project risk reserve
P0-COL-001,Collection,Front basket with two front-side drop openings and sloped floor,Custom Rev-F packaging concept,1,,,TBD / RFQ_REQUIRED,,Direct inward drop plus passive rearward feed from two arms flanking the basket,P0_CAD_CONCEPT,"400x350x180 mm main envelope; 150mm openings centred X=220mm; 8deg ESTIMATE adjustable 5-12deg; removable liner and soft rear stop TBD; feed, damage, cleanability and stability require validation"
P0-ARM-001,Collection arm,Main joint digital servo,TowerPro MG996R class,8,253.28,2026.24,CURRENT_WEB,https://www.robotsepeti.com/tower-pro-mg996-r-servo-motor-180,"J1 and J3 one each; J2 two mechanically coupled per arm",SAMPLE_MEASUREMENT_GATE,"Official envelope 40.7x19.7x42.9mm; 11kg.cm at 6V is stall torque and 0.15s/60deg is no-load speed; authenticity and delivered internal gear construction require inspection"
P0-ARM-002,Collection arm,Micro gripper servo,Tower Pro MG90S class,2,151.31,302.62,CURRENT_WEB,https://www.robotsepeti.com/tower-pro-mg90s-mini-servo-motor,Open/close two soft grippers,SAMPLE_MEASUREMENT_GATE,Price derived from listed 126.09 TRY plus VAT; exact delivered spline and stall current required
P0-ARM-003,Collection arm,Lightweight link bracket bearing and printed-part set,Rev-G custom set,2,2500.00,5000.00,ESTIMATE / RFQ_REQUIRED,,605mm structure with supported joints and passive wrist parallelogram,CAD_SAMPLE_GATE,20x20x1.5mm light-alloy tube candidate; final print holes wait for received servo/bracket measurements
P0-ARM-004,Collection arm,Adjustable shoulder counterbalance set,Extension spring and adjustable anchor,2,500.00,1000.00,ESTIMATE,,Reduce J2 continuous gravity load,ONE_AXIS_TEST_REQUIRED,Spring rate preload stroke and guard remain TBD after measured arm mass
P0-ARM-005,Collection arm power,24V to regulated 6.0V high-current DC/DC,15A synchronous buck class,1,1500.00,1500.00,ESTIMATE / PURCHASE_RESEARCH_REQUIRED,,Power eight main servos and two gripper servos,ELECTRICAL_TEST_REQUIRED,MG996R published stall current is 1.4A each; size from measured simultaneous current with fused branches and transient suppression
P0-ARM-006,Collection arm control,16-channel PWM servo controller,PCA9685 class,1,450.00,450.00,ESTIMATE,,Stable PWM commands from ESP32 or Pi,BENCH_TEST_REQUIRED,Logic power separate from servo rail; emergency stop must remove actuator power
TOTAL,All,P0 Rev-G known and estimated working subtotal,,1,92433.03,92433.03,MIXED_CURRENT_AND_ESTIMATE,,,BUDGET_ONLY,"Includes Rev-G two-arm prototype hardware estimates; frame/steering refresh, basket fabrication, labor, shipping and validation may change total"
