part_number,description,subsystem,quantity,make_or_buy,material,manufacturing_method,supplier_model,unit_cost,total_cost,currency,verification_status,notes
ARM-001,Arm base and J1 motor plate,Arm,1,MAKE,EN AW-6082-T6,CNC milling,Custom CAD,,,USD,ENGINEERING_RELEASE_CANDIDATE,"320 x 280 x 12 mm; NEMA23 interface frozen; first article inspection required"
ARM-002,Rotating shoulder pedestal,Arm,1,MAKE,EN AW-6082-T6,CNC milling/fabrication,Custom CAD,,,USD,ENGINEERING_RELEASE_CANDIDATE,"J2 NEMA23 and bearing interfaces included; supplier DFM and proof load required"
ARM-003,Upper arm tube,Arm,1,MAKE,EN AW-6060-T66 or 6082-T6 rectangular tube,Saw/jig drill,40x30x2 x 300 mm,,,USD,ENGINEERING_RELEASE_CANDIDATE,"Stock availability and end-hole jig verification required"
ARM-004,J3 elbow clevis,Arm,1,MAKE,EN AW-6082-T6,CNC milling,Custom CAD,,,USD,ENGINEERING_RELEASE_CANDIDATE,"NEMA17 and 608 bearing interfaces included; proof load required"
ARM-005,Forearm tube,Arm,1,MAKE,EN AW-6060-T66 or 6082-T6 rectangular tube,Saw/jig drill,40x30x2 x 220 mm,,,USD,ENGINEERING_RELEASE_CANDIDATE,"Stock availability and end-hole jig verification required"
ARM-006,J4 wrist clevis,Arm,1,MAKE,EN AW-6082-T6,CNC milling,Custom CAD,,,USD,ENGINEERING_RELEASE_CANDIDATE,"NEMA17 and 608 bearing interfaces included; proof load required"
ARM-007,Proximal joint shaft,Arm,2,MAKE,C45 or 42CrMo4+QT after review,Turning and finishing,15 x 112 mm CAD envelope,,,USD,UNVERIFIED,"Proposed g6 journals; motor uses reviewed 14-to-15 mm clamping coupling"
ARM-008,Distal joint shaft,Arm,2,MAKE,C45 or 42CrMo4+QT after review,Turning and finishing,8 x 58 mm CAD envelope,,,USD,UNVERIFIED,"Proposed g6 journals; final retention and tolerance review required"
GRP-001,Gripper body,Gripper,1,MAKE,PA12 SLS preferred,SLS print,Custom CAD,,,USD,ENGINEERING_RELEASE_CANDIDATE,"XL330 mounting interface requires first-article physical fit check"
GRP-002,GRP-A mounted very-soft finger,Gripper,2,MAKE,Food-contact silicone candidate,Cast in GRP-005 tooling mold,Custom CAD,,,USD,UNVERIFIED,"Shore hardness force limit and fig damage require physical tests"
GRP-003,GRP-B mounted medium-soft finger,Gripper,2,MAKE,Food-contact silicone candidate,Cast in GRP-006 tooling mold,Custom CAD,,,USD,UNVERIFIED,"Shore hardness force limit and fig damage require physical tests"
GRP-004,GRP-C mounted three-finger carrier and geometry,Gripper,1,MAKE,PETG or PA12 carrier with compliant contacts,FDM/resin plus soft contact fabrication,Custom CAD,,,USD,UNVERIFIED,"Three-finger comparison prototype; mounted part not tooling"
GRP-005,GRP-A very-soft finger tooling mold,Gripper,1,MAKE,PETG or resin,FDM/resin print,Custom CAD,,,USD,UNVERIFIED,"Tooling only; mold release and silicone compatibility test required"
GRP-006,GRP-B medium-soft finger tooling mold,Gripper,1,MAKE,PETG or resin,FDM/resin print,Custom CAD,,,USD,UNVERIFIED,"Tooling only; mold release and silicone compatibility test required"
GRP-007,GRP-C compliant contact tooling mold,Gripper,1,MAKE,PETG or resin,FDM/resin print,Custom CAD,,,USD,UNVERIFIED,"Tooling only; mold release and silicone compatibility test required"
FUN-001,Funnel shell,Funnel,1,MAKE,PETG prototype or formed sheet,FDM prototype / formed sheet later,Custom CAD,,,USD,UNVERIFIED,"Food-contact and drop-damage validation required"
FUN-002,Soft funnel liner,Funnel,1,MAKE,Food-contact silicone candidate,Cast/formed,Custom CAD,,,USD,UNVERIFIED,"Food-contact certification and Shore hardness not selected"
FUN-003,Soft chute,Funnel,1,MAKE,Flexible polymer candidate,FDM TPU or fabricated sleeve,Custom CAD,,,USD,UNVERIFIED,"Drop and abrasion tests required"
CHA-001,V0 test stand base,Test stand,1,MAKE,Plywood or fixture plate,CNC router/saw,Custom CAD,,,USD,UNVERIFIED,"900 x 700 x 18 mm CAD envelope; bench anchoring review required"
VIS-001,Camera mast and bracket,Vision,1,MAKE,30-series aluminium extrusion plus EN AW-5754 bracket,Saw extrusion and CNC/sheet-cut bracket,Custom CAD,,,USD,ENGINEERING_RELEASE_CANDIDATE,"Camera Module 3 pattern frozen; calibration stability physical test required"
ELE-001,Electronics mounting tray,Electrical,1,MAKE,EN AW-5754 H22 3 mm,Laser/waterjet/drill,Custom CAD,,,USD,BLOCKED_FOR_INCOMING_COMPONENTS,"520 x 360 x 3 mm envelope; device holes blocked until delivered driver revisions are measured; PE bonding review required"
PUR-001,J2 10:1 closed-loop geared motor,Arm drive,1,BUY,Mixed,Purchased module,StepperOnline 23HS22-HG10-E1000,94.10,94.10,USD,CONTROLLED_SELECTION,"Published 6 Nm permissible and 12 Nm momentary gearbox torque; bench torque-speed and counterbalance validation mandatory"
PUR-002,J1 J3 J4 10:1 geared encoder motors,Arm drive,3,BUY,Mixed,Purchased module,StepperOnline 17HS15-1684D-HG10-AR4,,,USD,CONTROLLED_SELECTION,"3.5 Nm permissible gearbox torque; separate CL42T drivers required"
PUR-003,Gripper smart servo candidate,Gripper,1,BUY,Mixed,Purchased module,ROBOTIS XL330-M288-T,27.49,27.49,USD,RESEARCH_CANDIDATE,"Physical fig force/damage test required"
PUR-004,V0 AI and ROS host,Vision compute,1,BUY,Mixed,Purchased board,Raspberry Pi 5 8GB,,,USD,CONTROLLED_SELECTION,"Official 85 x 56 mm board and STEP; active cooling and benchmark required"
PUR-005,RGB camera candidate,Vision,1,BUY,Mixed,Purchased module,Raspberry Pi Camera Module 3 Wide,35.00,35.00,USD,RESEARCH_CANDIDATE,"Requires compatible host/cable and planar calibration"
PUR-006,24 V bench PSU candidate,Electrical power,1,BUY,Mixed,Purchased module,MEAN WELL LRS-450-24,51.30,51.30,USD,RESEARCH_CANDIDATE,"Screens above 392.8 W connected peak; electrical review and load test required"
PUR-007,Motion MCU candidate,Control,1,BUY,Mixed,Purchased module,Raspberry Pi Pico 2,5.00,5.00,USD,RESEARCH_CANDIDATE,"Requires isolated I/O and timing tests"
PUR-008,Dual-NC emergency-stop button candidate,Safety,1,BUY,Mixed,Purchased safety component,Omron A22E-M-02,94.27,94.27,USD,RESEARCH_CANDIDATE,"HUMAN ENGINEERING REVIEW REQUIRED"
PUR-009,Safety relay candidate,Safety,1,BUY,Mixed,Purchased safety component,Omron G9SE-201,275.29,275.29,USD,RESEARCH_CANDIDATE,"HUMAN ENGINEERING REVIEW REQUIRED"
PUR-010,Force-guided final switching devices,Safety,2,BUY,Mixed,Purchased safety component,TBD,40.00,80.00,USD,ESTIMATE,"Placeholder only; HUMAN ENGINEERING REVIEW REQUIRED"
PUR-011,Joint bearings,Arm,8,BUY,Bearing steel,Purchased standard part,"4x 6002-2RS and 4x 608-2RS",4.00,32.00,USD,CONTROLLED_STANDARD,"H7/g6 interfaces controlled; load/life and first-article fit checks required"
PUR-012,Legacy timing belts not used by V0 baseline,Arm drive,0,BUY,Reinforced polymer,Not applicable,DEPRECATED,0.00,0.00,USD,DEPRECATED,"Superseded by DEC-008 coaxial 10:1 geared motors"
PUR-013,Legacy timing pulleys not used by V0 baseline,Arm drive,0,BUY,Aluminium/steel,Not applicable,DEPRECATED,0.00,0.00,USD,DEPRECATED,"Superseded by DEC-008 coaxial 10:1 geared motors"
PUR-014,Fastener set,Assembly,1,BUY,Steel A2-70 and class 10.9 as scheduled,Purchased standard part,"ISO 4762/7089/7040 schedule",45.00,45.00,USD,CONTROLLED_STANDARD,"See FASTENERS.csv; torque verified during first assembly"
PUR-015,Home switches and M12 cables,Control,4,BUY,Mixed,Purchased standard part,"Omron D4CC-3024 + XS2F-D421-C80-F",8.00,32.00,USD,CONTROLLED_SELECTION,"Operational homing only; not safety-rated function"
PUR-016,Protected 24-to-5 V converters,Electrical power,2,BUY,Mixed,Purchased module,Models TBD,25.00,50.00,USD,ESTIMATE,"Separate AI and gripper rails; ratings/EMC TBD"
PUR-017,Fuses holders and distribution,Electrical power,1,BUY,Mixed,Purchased standard part,Models TBD,60.00,60.00,USD,ESTIMATE,"DC ratings and coordination require review"
PUR-018,Enclosure wiring terminals and glands,Electrical,1,BUY,Mixed,Purchased standard part,Models TBD,120.00,120.00,USD,ESTIMATE,"Mains/PE and cable sizing require review"
PUR-019,Food-contact silicone trial materials,Gripper,1,BUY,Silicone,Purchased consumable,Three Shore/geometry trials TBD,75.00,75.00,USD,ESTIMATE,"Certification and formulation not selected"
PUR-020,Funnel liner material trial,Funnel,1,BUY,Soft polymer,Purchased consumable,Food-contact material TBD,30.00,30.00,USD,ESTIMATE,"Physical drop/damage tests required"
PUR-021,Aluminium/steel stock allowance,Structure,1,BUY,Metal,Purchased stock,Tube plate shaft bar allowance,120.00,120.00,USD,ESTIMATE,"Local Türkiye quote required"
PUR-022,3D printing consumables allowance,Printed parts,1,BUY,Polymer,Purchased consumable,PETG/resin/TPU trial allowance,90.00,90.00,USD,ESTIMATE,"Final material quantities depend on slicer outputs"
PUR-023,Test stand base stock,Test stand,1,BUY,Plywood or fixture board,Purchased stock,900 x 700 x 18 mm allowance,60.00,60.00,USD,ESTIMATE,"Local quote and anchoring review required"
