part_number,description,quantity,preferred_supplier_model,unit_cost,total_cost,currency,status,notes
PUR-001,J2 10:1 closed-loop geared motor,1,StepperOnline 23HS22-HG10-E1000,94.10,94.10,USD,CONTROLLED_SELECTION,"Counterbalance and continuous torque-speed test mandatory"
PUR-002,J1/J3/J4 10:1 geared encoder motor,3,StepperOnline 17HS15-1684D-HG10-AR4,0.00,0.00,USD,QUOTE_REQUIRED,"Exact delivered encoder cable and matched CL42T settings require incoming test"
PUR-003,Gripper smart servo candidate,1,ROBOTIS XL330-M288-T,27.49,27.49,USD,RESEARCH_CANDIDATE,"Fig damage/force testing required"
PUR-004,Existing x86 V0 AI host,1,Existing equipment,0.00,0.00,USD,REUSE_ESTIMATE,"Benchmark first"
PUR-005,RGB camera candidate,1,Raspberry Pi Camera Module 3 Wide,35.00,35.00,USD,RESEARCH_CANDIDATE,"Planar calibration route"
PUR-006,24 V 451 W bench PSU candidate,1,MEAN WELL LRS-450-24,51.30,51.30,USD,RESEARCH_CANDIDATE,"Electrical review and load test required"
PUR-007,Motion MCU candidate,1,Raspberry Pi Pico 2,5.00,5.00,USD,RESEARCH_CANDIDATE,"Isolated I/O not included"
PUR-008,Dual-NC E-stop candidate,1,Omron A22E-M-02,94.27,94.27,USD,RESEARCH_CANDIDATE,"HUMAN ENGINEERING REVIEW REQUIRED"
PUR-009,Safety relay candidate,1,Omron G9SE-201,275.29,275.29,USD,RESEARCH_CANDIDATE,"HUMAN ENGINEERING REVIEW REQUIRED"
PUR-010,Final switching contactors,2,TBD force-guided,40.00,80.00,USD,ESTIMATE,"Price placeholder only; selection prohibited without safety review"
PUR-011,Joint bearings,8,"4x 6002-2RS + 4x 608-2RS",4.00,32.00,USD,CONTROLLED_STANDARD,"H7/g6 interfaces; load/life and fit validation required"
PUR-012,Legacy timing belts not used,0,DEPRECATED,0.00,0.00,USD,DEPRECATED,"Superseded by DEC-008"
PUR-013,Legacy timing pulleys not used,0,DEPRECATED,0.00,0.00,USD,DEPRECATED,"Superseded by DEC-008"
PUR-014,Fastener set,1,"ISO 4762/7089/7040 schedule",45.00,45.00,USD,CONTROLLED_STANDARD,"See FASTENERS.csv"
PUR-015,Home switches and cables,4,"Omron D4CC-3024 + XS2F-D421-C80-F",8.00,32.00,USD,CONTROLLED_SELECTION,"Operational control only; incoming test required"
PUR-016,Protected 24-to-5 V converters,2,Models TBD,25.00,50.00,USD,ESTIMATE,"AI/gripper separated"
PUR-017,Fuses holders and distribution,1,Models TBD,60.00,60.00,USD,ESTIMATE,"See FUSE_TABLE.csv"
PUR-018,Enclosure wiring terminals and glands,1,Models TBD,120.00,120.00,USD,ESTIMATE,"Local quote required"
PUR-019,Food-contact silicone trials,1,Formulations TBD,75.00,75.00,USD,ESTIMATE,"Certification/shore TBD"
PUR-020,Funnel liner material trial,1,Material TBD,30.00,30.00,USD,ESTIMATE,"Drop tests required"
PUR-021,Metal stock allowance,1,Local stock TBD,120.00,120.00,USD,ESTIMATE,"Local quote required"
PUR-022,3D printing consumables allowance,1,PETG/resin/TPU trials,90.00,90.00,USD,ESTIMATE,"Slicer quantity not yet calculated"
PUR-023,Test stand base stock,1,900 x 700 x 18 mm board,60.00,60.00,USD,ESTIMATE,"Local quote required"
