part_id,category,standard_or_manufacturer,part_number_or_standard,description,qty,controlled_interface,status,substitution_rule
STD-001,Bearing,ISO 15,6002-2RS,"15x32x9 sealed deep-groove bearing",4,"32 mm housing seat; 15 mm bore",CONTROLLED_STANDARD,"SKF/NSK/NTN/FAG/Koyo equivalent with published load ratings; no unbranded substitute"
STD-002,Bearing,ISO 15,608-2RS,"8x22x7 sealed deep-groove bearing",4,"22 mm housing seat; 8 mm bore",CONTROLLED_STANDARD,"SKF/NSK/NTN/FAG/Koyo equivalent with published load ratings"
STD-003,Shaft collar,DIN 705 or clamping equivalent,15-mm two-piece clamping collar,"Proximal shaft axial service collar",4,"15 mm bore",CONTROLLED_STANDARD,"Two-piece clamp; no set-screw-only collar at driven interface"
STD-004,Shaft collar,DIN 705 or clamping equivalent,8-mm two-piece clamping collar,"Distal shaft axial service collar",4,"8 mm bore",CONTROLLED_STANDARD,"Two-piece clamp; no set-screw-only collar at driven interface"
STD-005,Home switch,Omron,D4CC-3024,"IP67 high-sensitivity roller-lever limit switch; no indicator; 1 A at 30 VDC",4,"25 mm mounting pitch; 16 mm body; M12 connector",CONTROLLED_SELECTION,"Exact model only unless mounting CAD and NC behavior are re-reviewed"
STD-006,Home cable,Omron,XS2F-D421-C80-F,"Straight DC M12 four-conductor 1 m cable",4,"M12 switch connector",CONTROLLED_SELECTION,"Longer same-family cable permitted after routing review"
STD-007,DC/DC converter,MEAN WELL,DDR-60G-5,"24 V nominal to regulated 5 V 10.8 A DIN-rail converter",1,"52.5x90x54.5 mm",CONTROLLED_SELECTION,"Exact electrical equivalent needs thermal/EMC and mounting review"
STD-008,Servo DC/DC converter,MEAN WELL,DDR-15G-5,"24 V nominal to 5 V 3 A DIN-rail converter",1,"17.5x90x54.5 mm",CONTROLLED_SELECTION,"Separate fused gripper rail; exact equivalent requires review"
STD-009,DIN rail,IEC 60715,TH35-7.5 slotted,"35 mm galvanized steel DIN rail",2,"cut lengths from enclosure layout",CONTROLLED_STANDARD,"Equivalent IEC rail permitted"
STD-010,Terminal block,IEC 60947-7-1,Phoenix Contact PT 2.5 family,"2.5 mm2 push-in feed-through/PE/fuse terminal family",1,"final count from schematic",CONTROLLED_FAMILY,"Same-family accessories; alternative requires cross-section and short-circuit review"
STD-011,Cable gland,IEC 62444,M16/M20 polyamide IP68,"Strain relief for signal and motor cables",12,"diameter matched per cable OD",CONTROLLED_STANDARD,"UL/CE recognized equivalent; verify clamping range"
STD-012,Wire ferrule,DIN 46228-4,0.25-4 mm2 insulated ferrules,"All stranded control/power terminations",1,"size matched to conductor",CONTROLLED_STANDARD,"Use calibrated square/hex crimp tool"
STD-013,Camera cable,Raspberry Pi,Standard-Mini Camera Cable 200 mm,"22-pin Pi 5 to 15-pin Camera Module 3 FFC",1,"200 mm; correct contact orientation",CONTROLLED_SELECTION,"Longer cable only after image/link stability test"
STD-014,Joint coupling,Ruland,"MJC41-15-A + JD26/41-98R + MJC41-14-A","J1/J2 zero-backlash jaw coupling",2,"15x14 mm bores; 41.3 mm OD; 53 mm length; 18.65 Nm rated",CONTROLLED_SELECTION,"Exact bundle or fully equivalent rated >=12 Nm with manufacturer CAD; both shafts fully bearing-supported"
STD-015,Joint coupling,Ruland,"MJCC25-8-A + JD16/25-98R + MJC25-8-A","J3/J4 zero-backlash jaw coupling",2,"8x8 mm bores; 25.4 mm OD; 35.3 mm length",CONTROLLED_SELECTION,"Exact bundle or manufacturer-rated equivalent above 3.5 Nm; both shafts fully bearing-supported"
