side,x_mm,y_mm,z_mm,status
left,420,180,0,REACHABLE
left,420,180,20,REACHABLE
left,420,180,40,REACHABLE
left,420,180,60,REACHABLE
left,420,180,80,REACHABLE
left,420,190,0,REACHABLE
left,420,190,20,REACHABLE
left,420,190,40,REACHABLE
left,420,190,60,REACHABLE
left,420,190,80,REACHABLE
left,420,200,0,REACHABLE
left,420,200,20,REACHABLE
left,420,200,40,REACHABLE
left,420,200,60,REACHABLE
left,420,200,80,REACHABLE
left,420,210,0,REACHABLE
left,420,210,20,REACHABLE
left,420,210,40,REACHABLE
left,420,210,60,REACHABLE
left,420,210,80,REACHABLE
left,420,220,0,REACHABLE
left,420,220,20,REACHABLE
left,420,220,40,REACHABLE
left,420,220,60,REACHABLE
left,420,220,80,REACHABLE
left,420,230,0,REACHABLE
left,420,230,20,REACHABLE
left,420,230,40,REACHABLE
left,420,230,60,REACHABLE
left,420,230,80,REACHABLE
left,420,240,0,REACHABLE
left,420,240,20,REACHABLE
left,420,240,40,REACHABLE
left,420,240,60,REACHABLE
left,420,240,80,REACHABLE
left,420,250,0,REACHABLE
left,420,250,20,REACHABLE
left,420,250,40,REACHABLE
left,420,250,60,REACHABLE
left,420,250,80,REACHABLE
left,420,260,0,REACHABLE
left,420,260,20,REACHABLE
left,420,260,40,REACHABLE
left,420,260,60,REACHABLE
left,420,260,80,REACHABLE
left,420,270,0,REACHABLE
left,420,270,20,REACHABLE
left,420,270,40,REACHABLE
left,420,270,60,REACHABLE
left,420,270,80,REACHABLE
left,420,280,0,REACHABLE
left,420,280,20,REACHABLE
left,420,280,40,REACHABLE
left,420,280,60,REACHABLE
left,420,280,80,REACHABLE
left,420,290,0,REACHABLE
left,420,290,20,REACHABLE
left,420,290,40,REACHABLE
left,420,290,60,REACHABLE
left,420,290,80,REACHABLE
left,420,300,0,REACHABLE
left,420,300,20,REACHABLE
left,420,300,40,REACHABLE
left,420,300,60,REACHABLE
left,420,300,80,REACHABLE
left,420,310,0,REACHABLE
left,420,310,20,REACHABLE
left,420,310,40,REACHABLE
left,420,310,60,REACHABLE
left,420,310,80,REACHABLE
left,420,320,0,REACHABLE
left,420,320,20,REACHABLE
left,420,320,40,REACHABLE
left,420,320,60,REACHABLE
left,420,320,80,REACHABLE
left,430,180,0,REACHABLE
left,430,180,20,REACHABLE
left,430,180,40,REACHABLE
left,430,180,60,REACHABLE
left,430,180,80,REACHABLE
left,430,190,0,REACHABLE
left,430,190,20,REACHABLE
left,430,190,40,REACHABLE
left,430,190,60,REACHABLE
left,430,190,80,REACHABLE
left,430,200,0,REACHABLE
left,430,200,20,REACHABLE
left,430,200,40,REACHABLE
left,430,200,60,REACHABLE
left,430,200,80,REACHABLE
left,430,210,0,REACHABLE
left,430,210,20,REACHABLE
left,430,210,40,REACHABLE
left,430,210,60,REACHABLE
left,430,210,80,REACHABLE
left,430,220,0,REACHABLE
left,430,220,20,REACHABLE
left,430,220,40,REACHABLE
left,430,220,60,REACHABLE
left,430,220,80,REACHABLE
left,430,230,0,REACHABLE
left,430,230,20,REACHABLE
left,430,230,40,REACHABLE
left,430,230,60,REACHABLE
left,430,230,80,REACHABLE
left,430,240,0,REACHABLE
left,430,240,20,REACHABLE
left,430,240,40,REACHABLE
left,430,240,60,REACHABLE
left,430,240,80,REACHABLE
left,430,250,0,REACHABLE
left,430,250,20,REACHABLE
left,430,250,40,REACHABLE
left,430,250,60,REACHABLE
left,430,250,80,REACHABLE
left,430,260,0,REACHABLE
left,430,260,20,REACHABLE
left,430,260,40,REACHABLE
left,430,260,60,REACHABLE
left,430,260,80,REACHABLE
left,430,270,0,REACHABLE
left,430,270,20,REACHABLE
left,430,270,40,REACHABLE
left,430,270,60,REACHABLE
left,430,270,80,REACHABLE
left,430,280,0,REACHABLE
left,430,280,20,REACHABLE
left,430,280,40,REACHABLE
left,430,280,60,REACHABLE
left,430,280,80,REACHABLE
left,430,290,0,REACHABLE
left,430,290,20,REACHABLE
left,430,290,40,REACHABLE
left,430,290,60,REACHABLE
left,430,290,80,REACHABLE
left,430,300,0,REACHABLE
left,430,300,20,REACHABLE
left,430,300,40,REACHABLE
left,430,300,60,REACHABLE
left,430,300,80,REACHABLE
left,430,310,0,REACHABLE
left,430,310,20,REACHABLE
left,430,310,40,REACHABLE
left,430,310,60,REACHABLE
left,430,310,80,REACHABLE
left,430,320,0,REACHABLE
left,430,320,20,REACHABLE
left,430,320,40,REACHABLE
left,430,320,60,REACHABLE
left,430,320,80,REACHABLE
left,440,180,0,REACHABLE
left,440,180,20,REACHABLE
left,440,180,40,REACHABLE
left,440,180,60,REACHABLE
left,440,180,80,REACHABLE
left,440,190,0,REACHABLE
left,440,190,20,REACHABLE
left,440,190,40,REACHABLE
left,440,190,60,REACHABLE
left,440,190,80,REACHABLE
left,440,200,0,REACHABLE
left,440,200,20,REACHABLE
left,440,200,40,REACHABLE
left,440,200,60,REACHABLE
left,440,200,80,REACHABLE
left,440,210,0,REACHABLE
left,440,210,20,REACHABLE
left,440,210,40,REACHABLE
left,440,210,60,REACHABLE
left,440,210,80,REACHABLE
left,440,220,0,REACHABLE
left,440,220,20,REACHABLE
left,440,220,40,REACHABLE
left,440,220,60,REACHABLE
left,440,220,80,REACHABLE
left,440,230,0,REACHABLE
left,440,230,20,REACHABLE
left,440,230,40,REACHABLE
left,440,230,60,REACHABLE
left,440,230,80,REACHABLE
left,440,240,0,REACHABLE
left,440,240,20,REACHABLE
left,440,240,40,REACHABLE
left,440,240,60,REACHABLE
left,440,240,80,REACHABLE
left,440,250,0,REACHABLE
left,440,250,20,REACHABLE
left,440,250,40,REACHABLE
left,440,250,60,REACHABLE
left,440,250,80,REACHABLE
left,440,260,0,REACHABLE
left,440,260,20,REACHABLE
left,440,260,40,REACHABLE
left,440,260,60,REACHABLE
left,440,260,80,REACHABLE
left,440,270,0,REACHABLE
left,440,270,20,REACHABLE
left,440,270,40,REACHABLE
left,440,270,60,REACHABLE
left,440,270,80,REACHABLE
left,440,280,0,REACHABLE
left,440,280,20,REACHABLE
left,440,280,40,REACHABLE
left,440,280,60,REACHABLE
left,440,280,80,REACHABLE
left,440,290,0,REACHABLE
left,440,290,20,REACHABLE
left,440,290,40,REACHABLE
left,440,290,60,REACHABLE
left,440,290,80,REACHABLE
left,440,300,0,REACHABLE
left,440,300,20,REACHABLE
left,440,300,40,REACHABLE
left,440,300,60,REACHABLE
left,440,300,80,REACHABLE
left,440,310,0,REACHABLE
left,440,310,20,REACHABLE
left,440,310,40,REACHABLE
left,440,310,60,REACHABLE
left,440,310,80,REACHABLE
left,440,320,0,REACHABLE
left,440,320,20,REACHABLE
left,440,320,40,REACHABLE
left,440,320,60,REACHABLE
left,440,320,80,REACHABLE
left,450,180,0,REACHABLE
left,450,180,20,REACHABLE
left,450,180,40,REACHABLE
left,450,180,60,REACHABLE
left,450,180,80,REACHABLE
left,450,190,0,REACHABLE
left,450,190,20,REACHABLE
left,450,190,40,REACHABLE
left,450,190,60,REACHABLE
left,450,190,80,REACHABLE
left,450,200,0,REACHABLE
left,450,200,20,REACHABLE
left,450,200,40,REACHABLE
left,450,200,60,REACHABLE
left,450,200,80,REACHABLE
left,450,210,0,REACHABLE
left,450,210,20,REACHABLE
left,450,210,40,REACHABLE
left,450,210,60,REACHABLE
left,450,210,80,REACHABLE
left,450,220,0,REACHABLE
left,450,220,20,REACHABLE
left,450,220,40,REACHABLE
left,450,220,60,REACHABLE
left,450,220,80,REACHABLE
left,450,230,0,REACHABLE
left,450,230,20,REACHABLE
left,450,230,40,REACHABLE
left,450,230,60,REACHABLE
left,450,230,80,REACHABLE
left,450,240,0,REACHABLE
left,450,240,20,REACHABLE
left,450,240,40,REACHABLE
left,450,240,60,REACHABLE
left,450,240,80,REACHABLE
left,450,250,0,REACHABLE
left,450,250,20,REACHABLE
left,450,250,40,REACHABLE
left,450,250,60,REACHABLE
left,450,250,80,REACHABLE
left,450,260,0,REACHABLE
left,450,260,20,REACHABLE
left,450,260,40,REACHABLE
left,450,260,60,REACHABLE
left,450,260,80,REACHABLE
left,450,270,0,REACHABLE
left,450,270,20,REACHABLE
left,450,270,40,REACHABLE
left,450,270,60,REACHABLE
left,450,270,80,REACHABLE
left,450,280,0,REACHABLE
left,450,280,20,REACHABLE
left,450,280,40,REACHABLE
left,450,280,60,REACHABLE
left,450,280,80,REACHABLE
left,450,290,0,REACHABLE
left,450,290,20,REACHABLE
left,450,290,40,REACHABLE
left,450,290,60,REACHABLE
left,450,290,80,REACHABLE
left,450,300,0,REACHABLE
left,450,300,20,REACHABLE
left,450,300,40,REACHABLE
left,450,300,60,REACHABLE
left,450,300,80,REACHABLE
left,450,310,0,REACHABLE
left,450,310,20,REACHABLE
left,450,310,40,REACHABLE
left,450,310,60,REACHABLE
left,450,310,80,REACHABLE
left,450,320,0,REACHABLE
left,450,320,20,REACHABLE
left,450,320,40,REACHABLE
left,450,320,60,REACHABLE
left,450,320,80,REACHABLE
left,460,180,0,REACHABLE
left,460,180,20,REACHABLE
left,460,180,40,REACHABLE
left,460,180,60,REACHABLE
left,460,180,80,REACHABLE
left,460,190,0,REACHABLE
left,460,190,20,REACHABLE
left,460,190,40,REACHABLE
left,460,190,60,REACHABLE
left,460,190,80,REACHABLE
left,460,200,0,REACHABLE
left,460,200,20,REACHABLE
left,460,200,40,REACHABLE
left,460,200,60,REACHABLE
left,460,200,80,REACHABLE
left,460,210,0,REACHABLE
left,460,210,20,REACHABLE
left,460,210,40,REACHABLE
left,460,210,60,REACHABLE
left,460,210,80,REACHABLE
left,460,220,0,REACHABLE
left,460,220,20,REACHABLE
left,460,220,40,REACHABLE
left,460,220,60,REACHABLE
left,460,220,80,REACHABLE
left,460,230,0,REACHABLE
left,460,230,20,REACHABLE
left,460,230,40,REACHABLE
left,460,230,60,REACHABLE
left,460,230,80,REACHABLE
left,460,240,0,REACHABLE
left,460,240,20,REACHABLE
left,460,240,40,REACHABLE
left,460,240,60,REACHABLE
left,460,240,80,REACHABLE
left,460,250,0,REACHABLE
left,460,250,20,REACHABLE
left,460,250,40,REACHABLE
left,460,250,60,REACHABLE
left,460,250,80,REACHABLE
left,460,260,0,REACHABLE
left,460,260,20,REACHABLE
left,460,260,40,REACHABLE
left,460,260,60,REACHABLE
left,460,260,80,REACHABLE
left,460,270,0,REACHABLE
left,460,270,20,REACHABLE
left,460,270,40,REACHABLE
left,460,270,60,REACHABLE
left,460,270,80,REACHABLE
left,460,280,0,REACHABLE
left,460,280,20,REACHABLE
left,460,280,40,REACHABLE
left,460,280,60,REACHABLE
left,460,280,80,REACHABLE
left,460,290,0,REACHABLE
left,460,290,20,REACHABLE
left,460,290,40,REACHABLE
left,460,290,60,REACHABLE
left,460,290,80,REACHABLE
left,460,300,0,REACHABLE
left,460,300,20,REACHABLE
left,460,300,40,REACHABLE
left,460,300,60,REACHABLE
left,460,300,80,REACHABLE
left,460,310,0,REACHABLE
left,460,310,20,REACHABLE
left,460,310,40,REACHABLE
left,460,310,60,REACHABLE
left,460,310,80,REACHABLE
left,460,320,0,REACHABLE
left,460,320,20,REACHABLE
left,460,320,40,REACHABLE
left,460,320,60,REACHABLE
left,460,320,80,REACHABLE
left,470,180,0,REACHABLE
left,470,180,20,REACHABLE
left,470,180,40,REACHABLE
left,470,180,60,REACHABLE
left,470,180,80,REACHABLE
left,470,190,0,REACHABLE
left,470,190,20,REACHABLE
left,470,190,40,REACHABLE
left,470,190,60,REACHABLE
left,470,190,80,REACHABLE
left,470,200,0,REACHABLE
left,470,200,20,REACHABLE
left,470,200,40,REACHABLE
left,470,200,60,REACHABLE
left,470,200,80,REACHABLE
left,470,210,0,REACHABLE
left,470,210,20,REACHABLE
left,470,210,40,REACHABLE
left,470,210,60,REACHABLE
left,470,210,80,REACHABLE
left,470,220,0,REACHABLE
left,470,220,20,REACHABLE
left,470,220,40,REACHABLE
left,470,220,60,REACHABLE
left,470,220,80,REACHABLE
left,470,230,0,REACHABLE
left,470,230,20,REACHABLE
left,470,230,40,REACHABLE
left,470,230,60,REACHABLE
left,470,230,80,REACHABLE
left,470,240,0,REACHABLE
left,470,240,20,REACHABLE
left,470,240,40,REACHABLE
left,470,240,60,REACHABLE
left,470,240,80,REACHABLE
left,470,250,0,REACHABLE
left,470,250,20,REACHABLE
left,470,250,40,REACHABLE
left,470,250,60,REACHABLE
left,470,250,80,REACHABLE
left,470,260,0,REACHABLE
left,470,260,20,REACHABLE
left,470,260,40,REACHABLE
left,470,260,60,REACHABLE
left,470,260,80,REACHABLE
left,470,270,0,REACHABLE
left,470,270,20,REACHABLE
left,470,270,40,REACHABLE
left,470,270,60,REACHABLE
left,470,270,80,REACHABLE
left,470,280,0,REACHABLE
left,470,280,20,REACHABLE
left,470,280,40,REACHABLE
left,470,280,60,REACHABLE
left,470,280,80,REACHABLE
left,470,290,0,REACHABLE
left,470,290,20,REACHABLE
left,470,290,40,REACHABLE
left,470,290,60,REACHABLE
left,470,290,80,REACHABLE
left,470,300,0,REACHABLE
left,470,300,20,REACHABLE
left,470,300,40,REACHABLE
left,470,300,60,REACHABLE
left,470,300,80,REACHABLE
left,470,310,0,REACHABLE
left,470,310,20,REACHABLE
left,470,310,40,REACHABLE
left,470,310,60,REACHABLE
left,470,310,80,REACHABLE
left,470,320,0,REACHABLE
left,470,320,20,REACHABLE
left,470,320,40,REACHABLE
left,470,320,60,REACHABLE
left,470,320,80,REACHABLE
left,480,180,0,REACHABLE
left,480,180,20,REACHABLE
left,480,180,40,REACHABLE
left,480,180,60,REACHABLE
left,480,180,80,REACHABLE
left,480,190,0,REACHABLE
left,480,190,20,REACHABLE
left,480,190,40,REACHABLE
left,480,190,60,REACHABLE
left,480,190,80,REACHABLE
left,480,200,0,REACHABLE
left,480,200,20,REACHABLE
left,480,200,40,REACHABLE
left,480,200,60,REACHABLE
left,480,200,80,REACHABLE
left,480,210,0,REACHABLE
left,480,210,20,REACHABLE
left,480,210,40,REACHABLE
left,480,210,60,REACHABLE
left,480,210,80,REACHABLE
left,480,220,0,REACHABLE
left,480,220,20,REACHABLE
left,480,220,40,REACHABLE
left,480,220,60,REACHABLE
left,480,220,80,REACHABLE
left,480,230,0,REACHABLE
left,480,230,20,REACHABLE
left,480,230,40,REACHABLE
left,480,230,60,REACHABLE
left,480,230,80,REACHABLE
left,480,240,0,REACHABLE
left,480,240,20,REACHABLE
left,480,240,40,REACHABLE
left,480,240,60,REACHABLE
left,480,240,80,REACHABLE
left,480,250,0,REACHABLE
left,480,250,20,REACHABLE
left,480,250,40,REACHABLE
left,480,250,60,REACHABLE
left,480,250,80,REACHABLE
left,480,260,0,REACHABLE
left,480,260,20,REACHABLE
left,480,260,40,REACHABLE
left,480,260,60,REACHABLE
left,480,260,80,REACHABLE
left,480,270,0,REACHABLE
left,480,270,20,REACHABLE
left,480,270,40,REACHABLE
left,480,270,60,REACHABLE
left,480,270,80,REACHABLE
left,480,280,0,REACHABLE
left,480,280,20,REACHABLE
left,480,280,40,REACHABLE
left,480,280,60,REACHABLE
left,480,280,80,REACHABLE
left,480,290,0,REACHABLE
left,480,290,20,REACHABLE
left,480,290,40,REACHABLE
left,480,290,60,REACHABLE
left,480,290,80,REACHABLE
left,480,300,0,REACHABLE
left,480,300,20,REACHABLE
left,480,300,40,REACHABLE
left,480,300,60,REACHABLE
left,480,300,80,REACHABLE
left,480,310,0,REACHABLE
left,480,310,20,REACHABLE
left,480,310,40,REACHABLE
left,480,310,60,REACHABLE
left,480,310,80,REACHABLE
left,480,320,0,REACHABLE
left,480,320,20,REACHABLE
left,480,320,40,REACHABLE
left,480,320,60,REACHABLE
left,480,320,80,REACHABLE
left,490,180,0,REACHABLE
left,490,180,20,REACHABLE
left,490,180,40,REACHABLE
left,490,180,60,REACHABLE
left,490,180,80,REACHABLE
left,490,190,0,REACHABLE
left,490,190,20,REACHABLE
left,490,190,40,REACHABLE
left,490,190,60,REACHABLE
left,490,190,80,REACHABLE
left,490,200,0,REACHABLE
left,490,200,20,REACHABLE
left,490,200,40,REACHABLE
left,490,200,60,REACHABLE
left,490,200,80,REACHABLE
left,490,210,0,REACHABLE
left,490,210,20,REACHABLE
left,490,210,40,REACHABLE
left,490,210,60,REACHABLE
left,490,210,80,REACHABLE
left,490,220,0,REACHABLE
left,490,220,20,REACHABLE
left,490,220,40,REACHABLE
left,490,220,60,REACHABLE
left,490,220,80,REACHABLE
left,490,230,0,REACHABLE
left,490,230,20,REACHABLE
left,490,230,40,REACHABLE
left,490,230,60,REACHABLE
left,490,230,80,REACHABLE
left,490,240,0,REACHABLE
left,490,240,20,REACHABLE
left,490,240,40,REACHABLE
left,490,240,60,REACHABLE
left,490,240,80,REACHABLE
left,490,250,0,REACHABLE
left,490,250,20,REACHABLE
left,490,250,40,REACHABLE
left,490,250,60,REACHABLE
left,490,250,80,REACHABLE
left,490,260,0,REACHABLE
left,490,260,20,REACHABLE
left,490,260,40,REACHABLE
left,490,260,60,REACHABLE
left,490,260,80,REACHABLE
left,490,270,0,REACHABLE
left,490,270,20,REACHABLE
left,490,270,40,REACHABLE
left,490,270,60,REACHABLE
left,490,270,80,REACHABLE
left,490,280,0,REACHABLE
left,490,280,20,REACHABLE
left,490,280,40,REACHABLE
left,490,280,60,REACHABLE
left,490,280,80,REACHABLE
left,490,290,0,REACHABLE
left,490,290,20,REACHABLE
left,490,290,40,REACHABLE
left,490,290,60,REACHABLE
left,490,290,80,REACHABLE
left,490,300,0,REACHABLE
left,490,300,20,REACHABLE
left,490,300,40,REACHABLE
left,490,300,60,REACHABLE
left,490,300,80,REACHABLE
left,490,310,0,REACHABLE
left,490,310,20,REACHABLE
left,490,310,40,REACHABLE
left,490,310,60,REACHABLE
left,490,310,80,REACHABLE
left,490,320,0,REACHABLE
left,490,320,20,REACHABLE
left,490,320,40,REACHABLE
left,490,320,60,REACHABLE
left,490,320,80,REACHABLE
left,500,180,0,REACHABLE
left,500,180,20,REACHABLE
left,500,180,40,REACHABLE
left,500,180,60,REACHABLE
left,500,180,80,REACHABLE
left,500,190,0,REACHABLE
left,500,190,20,REACHABLE
left,500,190,40,REACHABLE
left,500,190,60,REACHABLE
left,500,190,80,REACHABLE
left,500,200,0,REACHABLE
left,500,200,20,REACHABLE
left,500,200,40,REACHABLE
left,500,200,60,REACHABLE
left,500,200,80,REACHABLE
left,500,210,0,REACHABLE
left,500,210,20,REACHABLE
left,500,210,40,REACHABLE
left,500,210,60,REACHABLE
left,500,210,80,REACHABLE
left,500,220,0,REACHABLE
left,500,220,20,REACHABLE
left,500,220,40,REACHABLE
left,500,220,60,REACHABLE
left,500,220,80,REACHABLE
left,500,230,0,REACHABLE
left,500,230,20,REACHABLE
left,500,230,40,REACHABLE
left,500,230,60,REACHABLE
left,500,230,80,REACHABLE
left,500,240,0,REACHABLE
left,500,240,20,REACHABLE
left,500,240,40,REACHABLE
left,500,240,60,REACHABLE
left,500,240,80,REACHABLE
left,500,250,0,REACHABLE
left,500,250,20,REACHABLE
left,500,250,40,REACHABLE
left,500,250,60,REACHABLE
left,500,250,80,REACHABLE
left,500,260,0,REACHABLE
left,500,260,20,REACHABLE
left,500,260,40,REACHABLE
left,500,260,60,REACHABLE
left,500,260,80,REACHABLE
left,500,270,0,REACHABLE
left,500,270,20,REACHABLE
left,500,270,40,REACHABLE
left,500,270,60,REACHABLE
left,500,270,80,REACHABLE
left,500,280,0,REACHABLE
left,500,280,20,REACHABLE
left,500,280,40,REACHABLE
left,500,280,60,REACHABLE
left,500,280,80,REACHABLE
left,500,290,0,REACHABLE
left,500,290,20,REACHABLE
left,500,290,40,REACHABLE
left,500,290,60,REACHABLE
left,500,290,80,REACHABLE
left,500,300,0,REACHABLE
left,500,300,20,REACHABLE
left,500,300,40,REACHABLE
left,500,300,60,REACHABLE
left,500,300,80,REACHABLE
left,500,310,0,REACHABLE
left,500,310,20,REACHABLE
left,500,310,40,REACHABLE
left,500,310,60,REACHABLE
left,500,310,80,REACHABLE
left,500,320,0,REACHABLE
left,500,320,20,REACHABLE
left,500,320,40,REACHABLE
left,500,320,60,REACHABLE
left,500,320,80,REACHABLE
left,510,180,0,REACHABLE
left,510,180,20,REACHABLE
left,510,180,40,REACHABLE
left,510,180,60,REACHABLE
left,510,180,80,REACHABLE
left,510,190,0,REACHABLE
left,510,190,20,REACHABLE
left,510,190,40,REACHABLE
left,510,190,60,REACHABLE
left,510,190,80,REACHABLE
left,510,200,0,REACHABLE
left,510,200,20,REACHABLE
left,510,200,40,REACHABLE
left,510,200,60,REACHABLE
left,510,200,80,REACHABLE
left,510,210,0,REACHABLE
left,510,210,20,REACHABLE
left,510,210,40,REACHABLE
left,510,210,60,REACHABLE
left,510,210,80,REACHABLE
left,510,220,0,REACHABLE
left,510,220,20,REACHABLE
left,510,220,40,REACHABLE
left,510,220,60,REACHABLE
left,510,220,80,REACHABLE
left,510,230,0,REACHABLE
left,510,230,20,REACHABLE
left,510,230,40,REACHABLE
left,510,230,60,REACHABLE
left,510,230,80,REACHABLE
left,510,240,0,REACHABLE
left,510,240,20,REACHABLE
left,510,240,40,REACHABLE
left,510,240,60,REACHABLE
left,510,240,80,REACHABLE
left,510,250,0,REACHABLE
left,510,250,20,REACHABLE
left,510,250,40,REACHABLE
left,510,250,60,REACHABLE
left,510,250,80,REACHABLE
left,510,260,0,REACHABLE
left,510,260,20,REACHABLE
left,510,260,40,REACHABLE
left,510,260,60,REACHABLE
left,510,260,80,REACHABLE
left,510,270,0,REACHABLE
left,510,270,20,REACHABLE
left,510,270,40,REACHABLE
left,510,270,60,REACHABLE
left,510,270,80,REACHABLE
left,510,280,0,REACHABLE
left,510,280,20,REACHABLE
left,510,280,40,REACHABLE
left,510,280,60,REACHABLE
left,510,280,80,REACHABLE
left,510,290,0,REACHABLE
left,510,290,20,REACHABLE
left,510,290,40,REACHABLE
left,510,290,60,REACHABLE
left,510,290,80,REACHABLE
left,510,300,0,REACHABLE
left,510,300,20,REACHABLE
left,510,300,40,REACHABLE
left,510,300,60,REACHABLE
left,510,300,80,REACHABLE
left,510,310,0,REACHABLE
left,510,310,20,REACHABLE
left,510,310,40,REACHABLE
left,510,310,60,REACHABLE
left,510,310,80,REACHABLE
left,510,320,0,REACHABLE
left,510,320,20,REACHABLE
left,510,320,40,REACHABLE
left,510,320,60,REACHABLE
left,510,320,80,REACHABLE
left,520,180,0,REACHABLE
left,520,180,20,REACHABLE
left,520,180,40,REACHABLE
left,520,180,60,REACHABLE
left,520,180,80,REACHABLE
left,520,190,0,REACHABLE
left,520,190,20,REACHABLE
left,520,190,40,REACHABLE
left,520,190,60,REACHABLE
left,520,190,80,REACHABLE
left,520,200,0,REACHABLE
left,520,200,20,REACHABLE
left,520,200,40,REACHABLE
left,520,200,60,REACHABLE
left,520,200,80,REACHABLE
left,520,210,0,REACHABLE
left,520,210,20,REACHABLE
left,520,210,40,REACHABLE
left,520,210,60,REACHABLE
left,520,210,80,REACHABLE
left,520,220,0,REACHABLE
left,520,220,20,REACHABLE
left,520,220,40,REACHABLE
left,520,220,60,REACHABLE
left,520,220,80,REACHABLE
left,520,230,0,REACHABLE
left,520,230,20,REACHABLE
left,520,230,40,REACHABLE
left,520,230,60,REACHABLE
left,520,230,80,REACHABLE
left,520,240,0,REACHABLE
left,520,240,20,REACHABLE
left,520,240,40,REACHABLE
left,520,240,60,REACHABLE
left,520,240,80,REACHABLE
left,520,250,0,REACHABLE
left,520,250,20,REACHABLE
left,520,250,40,REACHABLE
left,520,250,60,REACHABLE
left,520,250,80,REACHABLE
left,520,260,0,REACHABLE
left,520,260,20,REACHABLE
left,520,260,40,REACHABLE
left,520,260,60,REACHABLE
left,520,260,80,REACHABLE
left,520,270,0,REACHABLE
left,520,270,20,REACHABLE
left,520,270,40,REACHABLE
left,520,270,60,REACHABLE
left,520,270,80,REACHABLE
left,520,280,0,REACHABLE
left,520,280,20,REACHABLE
left,520,280,40,REACHABLE
left,520,280,60,REACHABLE
left,520,280,80,REACHABLE
left,520,290,0,REACHABLE
left,520,290,20,REACHABLE
left,520,290,40,REACHABLE
left,520,290,60,REACHABLE
left,520,290,80,REACHABLE
left,520,300,0,REACHABLE
left,520,300,20,REACHABLE
left,520,300,40,REACHABLE
left,520,300,60,REACHABLE
left,520,300,80,REACHABLE
left,520,310,0,REACHABLE
left,520,310,20,REACHABLE
left,520,310,40,REACHABLE
left,520,310,60,REACHABLE
left,520,310,80,REACHABLE
left,520,320,0,REACHABLE
left,520,320,20,REACHABLE
left,520,320,40,REACHABLE
left,520,320,60,REACHABLE
left,520,320,80,REACHABLE
left,530,180,0,REACHABLE
left,530,180,20,REACHABLE
left,530,180,40,REACHABLE
left,530,180,60,REACHABLE
left,530,180,80,REACHABLE
left,530,190,0,REACHABLE
left,530,190,20,REACHABLE
left,530,190,40,REACHABLE
left,530,190,60,REACHABLE
left,530,190,80,REACHABLE
left,530,200,0,REACHABLE
left,530,200,20,REACHABLE
left,530,200,40,REACHABLE
left,530,200,60,REACHABLE
left,530,200,80,REACHABLE
left,530,210,0,REACHABLE
left,530,210,20,REACHABLE
left,530,210,40,REACHABLE
left,530,210,60,REACHABLE
left,530,210,80,REACHABLE
left,530,220,0,REACHABLE
left,530,220,20,REACHABLE
left,530,220,40,REACHABLE
left,530,220,60,REACHABLE
left,530,220,80,REACHABLE
left,530,230,0,REACHABLE
left,530,230,20,REACHABLE
left,530,230,40,REACHABLE
left,530,230,60,REACHABLE
left,530,230,80,REACHABLE
left,530,240,0,REACHABLE
left,530,240,20,REACHABLE
left,530,240,40,REACHABLE
left,530,240,60,REACHABLE
left,530,240,80,REACHABLE
left,530,250,0,REACHABLE
left,530,250,20,REACHABLE
left,530,250,40,REACHABLE
left,530,250,60,REACHABLE
left,530,250,80,REACHABLE
left,530,260,0,REACHABLE
left,530,260,20,REACHABLE
left,530,260,40,REACHABLE
left,530,260,60,REACHABLE
left,530,260,80,REACHABLE
left,530,270,0,REACHABLE
left,530,270,20,REACHABLE
left,530,270,40,REACHABLE
left,530,270,60,REACHABLE
left,530,270,80,REACHABLE
left,530,280,0,REACHABLE
left,530,280,20,REACHABLE
left,530,280,40,REACHABLE
left,530,280,60,REACHABLE
left,530,280,80,REACHABLE
left,530,290,0,REACHABLE
left,530,290,20,REACHABLE
left,530,290,40,REACHABLE
left,530,290,60,REACHABLE
left,530,290,80,REACHABLE
left,530,300,0,REACHABLE
left,530,300,20,REACHABLE
left,530,300,40,REACHABLE
left,530,300,60,REACHABLE
left,530,300,80,REACHABLE
left,530,310,0,REACHABLE
left,530,310,20,REACHABLE
left,530,310,40,REACHABLE
left,530,310,60,REACHABLE
left,530,310,80,REACHABLE
left,530,320,0,REACHABLE
left,530,320,20,REACHABLE
left,530,320,40,REACHABLE
left,530,320,60,REACHABLE
left,530,320,80,REACHABLE
left,540,180,0,REACHABLE
left,540,180,20,REACHABLE
left,540,180,40,REACHABLE
left,540,180,60,REACHABLE
left,540,180,80,REACHABLE
left,540,190,0,REACHABLE
left,540,190,20,REACHABLE
left,540,190,40,REACHABLE
left,540,190,60,REACHABLE
left,540,190,80,REACHABLE
left,540,200,0,REACHABLE
left,540,200,20,REACHABLE
left,540,200,40,REACHABLE
left,540,200,60,REACHABLE
left,540,200,80,REACHABLE
left,540,210,0,REACHABLE
left,540,210,20,REACHABLE
left,540,210,40,REACHABLE
left,540,210,60,REACHABLE
left,540,210,80,REACHABLE
left,540,220,0,REACHABLE
left,540,220,20,REACHABLE
left,540,220,40,REACHABLE
left,540,220,60,REACHABLE
left,540,220,80,REACHABLE
left,540,230,0,REACHABLE
left,540,230,20,REACHABLE
left,540,230,40,REACHABLE
left,540,230,60,REACHABLE
left,540,230,80,REACHABLE
left,540,240,0,REACHABLE
left,540,240,20,REACHABLE
left,540,240,40,REACHABLE
left,540,240,60,REACHABLE
left,540,240,80,REACHABLE
left,540,250,0,REACHABLE
left,540,250,20,REACHABLE
left,540,250,40,REACHABLE
left,540,250,60,REACHABLE
left,540,250,80,REACHABLE
left,540,260,0,REACHABLE
left,540,260,20,REACHABLE
left,540,260,40,REACHABLE
left,540,260,60,REACHABLE
left,540,260,80,REACHABLE
left,540,270,0,REACHABLE
left,540,270,20,REACHABLE
left,540,270,40,REACHABLE
left,540,270,60,REACHABLE
left,540,270,80,REACHABLE
left,540,280,0,REACHABLE
left,540,280,20,REACHABLE
left,540,280,40,REACHABLE
left,540,280,60,REACHABLE
left,540,280,80,REACHABLE
left,540,290,0,REACHABLE
left,540,290,20,REACHABLE
left,540,290,40,REACHABLE
left,540,290,60,REACHABLE
left,540,290,80,REACHABLE
left,540,300,0,REACHABLE
left,540,300,20,REACHABLE
left,540,300,40,REACHABLE
left,540,300,60,REACHABLE
left,540,300,80,REACHABLE
left,540,310,0,REACHABLE
left,540,310,20,REACHABLE
left,540,310,40,REACHABLE
left,540,310,60,REACHABLE
left,540,310,80,REACHABLE
left,540,320,0,REACHABLE
left,540,320,20,REACHABLE
left,540,320,40,REACHABLE
left,540,320,60,REACHABLE
left,540,320,80,REACHABLE
left,550,180,0,REACHABLE
left,550,180,20,REACHABLE
left,550,180,40,REACHABLE
left,550,180,60,REACHABLE
left,550,180,80,REACHABLE
left,550,190,0,REACHABLE
left,550,190,20,REACHABLE
left,550,190,40,REACHABLE
left,550,190,60,REACHABLE
left,550,190,80,REACHABLE
left,550,200,0,REACHABLE
left,550,200,20,REACHABLE
left,550,200,40,REACHABLE
left,550,200,60,REACHABLE
left,550,200,80,REACHABLE
left,550,210,0,REACHABLE
left,550,210,20,REACHABLE
left,550,210,40,REACHABLE
left,550,210,60,REACHABLE
left,550,210,80,REACHABLE
left,550,220,0,REACHABLE
left,550,220,20,REACHABLE
left,550,220,40,REACHABLE
left,550,220,60,REACHABLE
left,550,220,80,REACHABLE
left,550,230,0,REACHABLE
left,550,230,20,REACHABLE
left,550,230,40,REACHABLE
left,550,230,60,REACHABLE
left,550,230,80,REACHABLE
left,550,240,0,REACHABLE
left,550,240,20,REACHABLE
left,550,240,40,REACHABLE
left,550,240,60,REACHABLE
left,550,240,80,REACHABLE
left,550,250,0,REACHABLE
left,550,250,20,REACHABLE
left,550,250,40,REACHABLE
left,550,250,60,REACHABLE
left,550,250,80,REACHABLE
left,550,260,0,REACHABLE
left,550,260,20,REACHABLE
left,550,260,40,REACHABLE
left,550,260,60,REACHABLE
left,550,260,80,REACHABLE
left,550,270,0,REACHABLE
left,550,270,20,REACHABLE
left,550,270,40,REACHABLE
left,550,270,60,REACHABLE
left,550,270,80,REACHABLE
left,550,280,0,REACHABLE
left,550,280,20,REACHABLE
left,550,280,40,REACHABLE
left,550,280,60,REACHABLE
left,550,280,80,REACHABLE
left,550,290,0,REACHABLE
left,550,290,20,REACHABLE
left,550,290,40,REACHABLE
left,550,290,60,REACHABLE
left,550,290,80,REACHABLE
left,550,300,0,REACHABLE
left,550,300,20,REACHABLE
left,550,300,40,REACHABLE
left,550,300,60,REACHABLE
left,550,300,80,REACHABLE
left,550,310,0,REACHABLE
left,550,310,20,REACHABLE
left,550,310,40,REACHABLE
left,550,310,60,REACHABLE
left,550,310,80,REACHABLE
left,550,320,0,REACHABLE
left,550,320,20,REACHABLE
left,550,320,40,REACHABLE
left,550,320,60,REACHABLE
left,550,320,80,REACHABLE
left,560,180,0,REACHABLE
left,560,180,20,REACHABLE
left,560,180,40,REACHABLE
left,560,180,60,REACHABLE
left,560,180,80,REACHABLE
left,560,190,0,REACHABLE
left,560,190,20,REACHABLE
left,560,190,40,REACHABLE
left,560,190,60,REACHABLE
left,560,190,80,REACHABLE
left,560,200,0,REACHABLE
left,560,200,20,REACHABLE
left,560,200,40,REACHABLE
left,560,200,60,REACHABLE
left,560,200,80,REACHABLE
left,560,210,0,REACHABLE
left,560,210,20,REACHABLE
left,560,210,40,REACHABLE
left,560,210,60,REACHABLE
left,560,210,80,REACHABLE
left,560,220,0,REACHABLE
left,560,220,20,REACHABLE
left,560,220,40,REACHABLE
left,560,220,60,REACHABLE
left,560,220,80,REACHABLE
left,560,230,0,REACHABLE
left,560,230,20,REACHABLE
left,560,230,40,REACHABLE
left,560,230,60,REACHABLE
left,560,230,80,REACHABLE
left,560,240,0,REACHABLE
left,560,240,20,REACHABLE
left,560,240,40,REACHABLE
left,560,240,60,REACHABLE
left,560,240,80,REACHABLE
left,560,250,0,REACHABLE
left,560,250,20,REACHABLE
left,560,250,40,REACHABLE
left,560,250,60,REACHABLE
left,560,250,80,REACHABLE
left,560,260,0,REACHABLE
left,560,260,20,REACHABLE
left,560,260,40,REACHABLE
left,560,260,60,REACHABLE
left,560,260,80,REACHABLE
left,560,270,0,REACHABLE
left,560,270,20,REACHABLE
left,560,270,40,REACHABLE
left,560,270,60,REACHABLE
left,560,270,80,REACHABLE
left,560,280,0,REACHABLE
left,560,280,20,REACHABLE
left,560,280,40,REACHABLE
left,560,280,60,REACHABLE
left,560,280,80,REACHABLE
left,560,290,0,REACHABLE
left,560,290,20,REACHABLE
left,560,290,40,REACHABLE
left,560,290,60,REACHABLE
left,560,290,80,REACHABLE
left,560,300,0,REACHABLE
left,560,300,20,REACHABLE
left,560,300,40,REACHABLE
left,560,300,60,REACHABLE
left,560,300,80,REACHABLE
left,560,310,0,REACHABLE
left,560,310,20,REACHABLE
left,560,310,40,REACHABLE
left,560,310,60,REACHABLE
left,560,310,80,REACHABLE
left,560,320,0,REACHABLE
left,560,320,20,REACHABLE
left,560,320,40,REACHABLE
left,560,320,60,REACHABLE
left,560,320,80,REACHABLE
left,570,180,0,REACHABLE
left,570,180,20,REACHABLE
left,570,180,40,REACHABLE
left,570,180,60,REACHABLE
left,570,180,80,REACHABLE
left,570,190,0,REACHABLE
left,570,190,20,REACHABLE
left,570,190,40,REACHABLE
left,570,190,60,REACHABLE
left,570,190,80,REACHABLE
left,570,200,0,REACHABLE
left,570,200,20,REACHABLE
left,570,200,40,REACHABLE
left,570,200,60,REACHABLE
left,570,200,80,REACHABLE
left,570,210,0,REACHABLE
left,570,210,20,REACHABLE
left,570,210,40,REACHABLE
left,570,210,60,REACHABLE
left,570,210,80,REACHABLE
left,570,220,0,REACHABLE
left,570,220,20,REACHABLE
left,570,220,40,REACHABLE
left,570,220,60,REACHABLE
left,570,220,80,REACHABLE
left,570,230,0,REACHABLE
left,570,230,20,REACHABLE
left,570,230,40,REACHABLE
left,570,230,60,REACHABLE
left,570,230,80,REACHABLE
left,570,240,0,REACHABLE
left,570,240,20,REACHABLE
left,570,240,40,REACHABLE
left,570,240,60,REACHABLE
left,570,240,80,REACHABLE
left,570,250,0,REACHABLE
left,570,250,20,REACHABLE
left,570,250,40,REACHABLE
left,570,250,60,REACHABLE
left,570,250,80,REACHABLE
left,570,260,0,REACHABLE
left,570,260,20,REACHABLE
left,570,260,40,REACHABLE
left,570,260,60,REACHABLE
left,570,260,80,REACHABLE
left,570,270,0,REACHABLE
left,570,270,20,REACHABLE
left,570,270,40,REACHABLE
left,570,270,60,REACHABLE
left,570,270,80,REACHABLE
left,570,280,0,REACHABLE
left,570,280,20,REACHABLE
left,570,280,40,REACHABLE
left,570,280,60,REACHABLE
left,570,280,80,REACHABLE
left,570,290,0,REACHABLE
left,570,290,20,REACHABLE
left,570,290,40,REACHABLE
left,570,290,60,REACHABLE
left,570,290,80,REACHABLE
left,570,300,0,REACHABLE
left,570,300,20,REACHABLE
left,570,300,40,REACHABLE
left,570,300,60,REACHABLE
left,570,300,80,REACHABLE
left,570,310,0,REACHABLE
left,570,310,20,REACHABLE
left,570,310,40,REACHABLE
left,570,310,60,REACHABLE
left,570,310,80,REACHABLE
left,570,320,0,REACHABLE
left,570,320,20,REACHABLE
left,570,320,40,REACHABLE
left,570,320,60,REACHABLE
left,570,320,80,REACHABLE
left,580,180,0,REACHABLE
left,580,180,20,REACHABLE
left,580,180,40,REACHABLE
left,580,180,60,REACHABLE
left,580,180,80,REACHABLE
left,580,190,0,REACHABLE
left,580,190,20,REACHABLE
left,580,190,40,REACHABLE
left,580,190,60,REACHABLE
left,580,190,80,REACHABLE
left,580,200,0,REACHABLE
left,580,200,20,REACHABLE
left,580,200,40,REACHABLE
left,580,200,60,REACHABLE
left,580,200,80,REACHABLE
left,580,210,0,REACHABLE
left,580,210,20,REACHABLE
left,580,210,40,REACHABLE
left,580,210,60,REACHABLE
left,580,210,80,REACHABLE
left,580,220,0,REACHABLE
left,580,220,20,REACHABLE
left,580,220,40,REACHABLE
left,580,220,60,REACHABLE
left,580,220,80,REACHABLE
left,580,230,0,REACHABLE
left,580,230,20,REACHABLE
left,580,230,40,REACHABLE
left,580,230,60,REACHABLE
left,580,230,80,REACHABLE
left,580,240,0,REACHABLE
left,580,240,20,REACHABLE
left,580,240,40,REACHABLE
left,580,240,60,REACHABLE
left,580,240,80,REACHABLE
left,580,250,0,REACHABLE
left,580,250,20,REACHABLE
left,580,250,40,REACHABLE
left,580,250,60,REACHABLE
left,580,250,80,REACHABLE
left,580,260,0,REACHABLE
left,580,260,20,REACHABLE
left,580,260,40,REACHABLE
left,580,260,60,REACHABLE
left,580,260,80,REACHABLE
left,580,270,0,REACHABLE
left,580,270,20,REACHABLE
left,580,270,40,REACHABLE
left,580,270,60,REACHABLE
left,580,270,80,REACHABLE
left,580,280,0,REACHABLE
left,580,280,20,REACHABLE
left,580,280,40,REACHABLE
left,580,280,60,REACHABLE
left,580,280,80,REACHABLE
left,580,290,0,REACHABLE
left,580,290,20,REACHABLE
left,580,290,40,REACHABLE
left,580,290,60,REACHABLE
left,580,290,80,REACHABLE
left,580,300,0,REACHABLE
left,580,300,20,REACHABLE
left,580,300,40,REACHABLE
left,580,300,60,REACHABLE
left,580,300,80,REACHABLE
left,580,310,0,REACHABLE
left,580,310,20,REACHABLE
left,580,310,40,REACHABLE
left,580,310,60,REACHABLE
left,580,310,80,REACHABLE
left,580,320,0,REACHABLE
left,580,320,20,REACHABLE
left,580,320,40,REACHABLE
left,580,320,60,REACHABLE
left,580,320,80,REACHABLE
left,590,180,0,REACHABLE
left,590,180,20,REACHABLE
left,590,180,40,REACHABLE
left,590,180,60,REACHABLE
left,590,180,80,REACHABLE
left,590,190,0,REACHABLE
left,590,190,20,REACHABLE
left,590,190,40,REACHABLE
left,590,190,60,REACHABLE
left,590,190,80,REACHABLE
left,590,200,0,REACHABLE
left,590,200,20,REACHABLE
left,590,200,40,REACHABLE
left,590,200,60,REACHABLE
left,590,200,80,REACHABLE
left,590,210,0,REACHABLE
left,590,210,20,REACHABLE
left,590,210,40,REACHABLE
left,590,210,60,REACHABLE
left,590,210,80,REACHABLE
left,590,220,0,REACHABLE
left,590,220,20,REACHABLE
left,590,220,40,REACHABLE
left,590,220,60,REACHABLE
left,590,220,80,REACHABLE
left,590,230,0,REACHABLE
left,590,230,20,REACHABLE
left,590,230,40,REACHABLE
left,590,230,60,REACHABLE
left,590,230,80,REACHABLE
left,590,240,0,REACHABLE
left,590,240,20,REACHABLE
left,590,240,40,REACHABLE
left,590,240,60,REACHABLE
left,590,240,80,REACHABLE
left,590,250,0,REACHABLE
left,590,250,20,REACHABLE
left,590,250,40,REACHABLE
left,590,250,60,REACHABLE
left,590,250,80,REACHABLE
left,590,260,0,REACHABLE
left,590,260,20,REACHABLE
left,590,260,40,REACHABLE
left,590,260,60,REACHABLE
left,590,260,80,REACHABLE
left,590,270,0,REACHABLE
left,590,270,20,REACHABLE
left,590,270,40,REACHABLE
left,590,270,60,REACHABLE
left,590,270,80,REACHABLE
left,590,280,0,REACHABLE
left,590,280,20,REACHABLE
left,590,280,40,REACHABLE
left,590,280,60,REACHABLE
left,590,280,80,REACHABLE
left,590,290,0,REACHABLE
left,590,290,20,REACHABLE
left,590,290,40,REACHABLE
left,590,290,60,REACHABLE
left,590,290,80,REACHABLE
left,590,300,0,REACHABLE
left,590,300,20,REACHABLE
left,590,300,40,REACHABLE
left,590,300,60,REACHABLE
left,590,300,80,REACHABLE
left,590,310,0,REACHABLE
left,590,310,20,REACHABLE
left,590,310,40,REACHABLE
left,590,310,60,REACHABLE
left,590,310,80,REACHABLE
left,590,320,0,REACHABLE
left,590,320,20,REACHABLE
left,590,320,40,REACHABLE
left,590,320,60,REACHABLE
left,590,320,80,REACHABLE
left,600,180,0,REACHABLE
left,600,180,20,REACHABLE
left,600,180,40,REACHABLE
left,600,180,60,REACHABLE
left,600,180,80,REACHABLE
left,600,190,0,REACHABLE
left,600,190,20,REACHABLE
left,600,190,40,REACHABLE
left,600,190,60,REACHABLE
left,600,190,80,REACHABLE
left,600,200,0,REACHABLE
left,600,200,20,REACHABLE
left,600,200,40,REACHABLE
left,600,200,60,REACHABLE
left,600,200,80,REACHABLE
left,600,210,0,REACHABLE
left,600,210,20,REACHABLE
left,600,210,40,REACHABLE
left,600,210,60,REACHABLE
left,600,210,80,REACHABLE
left,600,220,0,REACHABLE
left,600,220,20,REACHABLE
left,600,220,40,REACHABLE
left,600,220,60,REACHABLE
left,600,220,80,REACHABLE
left,600,230,0,REACHABLE
left,600,230,20,REACHABLE
left,600,230,40,REACHABLE
left,600,230,60,REACHABLE
left,600,230,80,REACHABLE
left,600,240,0,REACHABLE
left,600,240,20,REACHABLE
left,600,240,40,REACHABLE
left,600,240,60,REACHABLE
left,600,240,80,REACHABLE
left,600,250,0,REACHABLE
left,600,250,20,REACHABLE
left,600,250,40,REACHABLE
left,600,250,60,REACHABLE
left,600,250,80,REACHABLE
left,600,260,0,REACHABLE
left,600,260,20,REACHABLE
left,600,260,40,REACHABLE
left,600,260,60,REACHABLE
left,600,260,80,REACHABLE
left,600,270,0,REACHABLE
left,600,270,20,REACHABLE
left,600,270,40,REACHABLE
left,600,270,60,REACHABLE
left,600,270,80,REACHABLE
left,600,280,0,REACHABLE
left,600,280,20,REACHABLE
left,600,280,40,REACHABLE
left,600,280,60,REACHABLE
left,600,280,80,REACHABLE
left,600,290,0,REACHABLE
left,600,290,20,REACHABLE
left,600,290,40,REACHABLE
left,600,290,60,REACHABLE
left,600,290,80,REACHABLE
left,600,300,0,REACHABLE
left,600,300,20,REACHABLE
left,600,300,40,REACHABLE
left,600,300,60,REACHABLE
left,600,300,80,REACHABLE
left,600,310,0,REACHABLE
left,600,310,20,REACHABLE
left,600,310,40,REACHABLE
left,600,310,60,REACHABLE
left,600,310,80,REACHABLE
left,600,320,0,REACHABLE
left,600,320,20,REACHABLE
left,600,320,40,REACHABLE
left,600,320,60,REACHABLE
left,600,320,80,REACHABLE
right,420,-320,0,REACHABLE
right,420,-320,20,REACHABLE
right,420,-320,40,REACHABLE
right,420,-320,60,REACHABLE
right,420,-320,80,REACHABLE
right,420,-310,0,REACHABLE
right,420,-310,20,REACHABLE
right,420,-310,40,REACHABLE
right,420,-310,60,REACHABLE
right,420,-310,80,REACHABLE
right,420,-300,0,REACHABLE
right,420,-300,20,REACHABLE
right,420,-300,40,REACHABLE
right,420,-300,60,REACHABLE
right,420,-300,80,REACHABLE
right,420,-290,0,REACHABLE
right,420,-290,20,REACHABLE
right,420,-290,40,REACHABLE
right,420,-290,60,REACHABLE
right,420,-290,80,REACHABLE
right,420,-280,0,REACHABLE
right,420,-280,20,REACHABLE
right,420,-280,40,REACHABLE
right,420,-280,60,REACHABLE
right,420,-280,80,REACHABLE
right,420,-270,0,REACHABLE
right,420,-270,20,REACHABLE
right,420,-270,40,REACHABLE
right,420,-270,60,REACHABLE
right,420,-270,80,REACHABLE
right,420,-260,0,REACHABLE
right,420,-260,20,REACHABLE
right,420,-260,40,REACHABLE
right,420,-260,60,REACHABLE
right,420,-260,80,REACHABLE
right,420,-250,0,REACHABLE
right,420,-250,20,REACHABLE
right,420,-250,40,REACHABLE
right,420,-250,60,REACHABLE
right,420,-250,80,REACHABLE
right,420,-240,0,REACHABLE
right,420,-240,20,REACHABLE
right,420,-240,40,REACHABLE
right,420,-240,60,REACHABLE
right,420,-240,80,REACHABLE
right,420,-230,0,REACHABLE
right,420,-230,20,REACHABLE
right,420,-230,40,REACHABLE
right,420,-230,60,REACHABLE
right,420,-230,80,REACHABLE
right,420,-220,0,REACHABLE
right,420,-220,20,REACHABLE
right,420,-220,40,REACHABLE
right,420,-220,60,REACHABLE
right,420,-220,80,REACHABLE
right,420,-210,0,REACHABLE
right,420,-210,20,REACHABLE
right,420,-210,40,REACHABLE
right,420,-210,60,REACHABLE
right,420,-210,80,REACHABLE
right,420,-200,0,REACHABLE
right,420,-200,20,REACHABLE
right,420,-200,40,REACHABLE
right,420,-200,60,REACHABLE
right,420,-200,80,REACHABLE
right,420,-190,0,REACHABLE
right,420,-190,20,REACHABLE
right,420,-190,40,REACHABLE
right,420,-190,60,REACHABLE
right,420,-190,80,REACHABLE
right,420,-180,0,REACHABLE
right,420,-180,20,REACHABLE
right,420,-180,40,REACHABLE
right,420,-180,60,REACHABLE
right,420,-180,80,REACHABLE
right,430,-320,0,REACHABLE
right,430,-320,20,REACHABLE
right,430,-320,40,REACHABLE
right,430,-320,60,REACHABLE
right,430,-320,80,REACHABLE
right,430,-310,0,REACHABLE
right,430,-310,20,REACHABLE
right,430,-310,40,REACHABLE
right,430,-310,60,REACHABLE
right,430,-310,80,REACHABLE
right,430,-300,0,REACHABLE
right,430,-300,20,REACHABLE
right,430,-300,40,REACHABLE
right,430,-300,60,REACHABLE
right,430,-300,80,REACHABLE
right,430,-290,0,REACHABLE
right,430,-290,20,REACHABLE
right,430,-290,40,REACHABLE
right,430,-290,60,REACHABLE
right,430,-290,80,REACHABLE
right,430,-280,0,REACHABLE
right,430,-280,20,REACHABLE
right,430,-280,40,REACHABLE
right,430,-280,60,REACHABLE
right,430,-280,80,REACHABLE
right,430,-270,0,REACHABLE
right,430,-270,20,REACHABLE
right,430,-270,40,REACHABLE
right,430,-270,60,REACHABLE
right,430,-270,80,REACHABLE
right,430,-260,0,REACHABLE
right,430,-260,20,REACHABLE
right,430,-260,40,REACHABLE
right,430,-260,60,REACHABLE
right,430,-260,80,REACHABLE
right,430,-250,0,REACHABLE
right,430,-250,20,REACHABLE
right,430,-250,40,REACHABLE
right,430,-250,60,REACHABLE
right,430,-250,80,REACHABLE
right,430,-240,0,REACHABLE
right,430,-240,20,REACHABLE
right,430,-240,40,REACHABLE
right,430,-240,60,REACHABLE
right,430,-240,80,REACHABLE
right,430,-230,0,REACHABLE
right,430,-230,20,REACHABLE
right,430,-230,40,REACHABLE
right,430,-230,60,REACHABLE
right,430,-230,80,REACHABLE
right,430,-220,0,REACHABLE
right,430,-220,20,REACHABLE
right,430,-220,40,REACHABLE
right,430,-220,60,REACHABLE
right,430,-220,80,REACHABLE
right,430,-210,0,REACHABLE
right,430,-210,20,REACHABLE
right,430,-210,40,REACHABLE
right,430,-210,60,REACHABLE
right,430,-210,80,REACHABLE
right,430,-200,0,REACHABLE
right,430,-200,20,REACHABLE
right,430,-200,40,REACHABLE
right,430,-200,60,REACHABLE
right,430,-200,80,REACHABLE
right,430,-190,0,REACHABLE
right,430,-190,20,REACHABLE
right,430,-190,40,REACHABLE
right,430,-190,60,REACHABLE
right,430,-190,80,REACHABLE
right,430,-180,0,REACHABLE
right,430,-180,20,REACHABLE
right,430,-180,40,REACHABLE
right,430,-180,60,REACHABLE
right,430,-180,80,REACHABLE
right,440,-320,0,REACHABLE
right,440,-320,20,REACHABLE
right,440,-320,40,REACHABLE
right,440,-320,60,REACHABLE
right,440,-320,80,REACHABLE
right,440,-310,0,REACHABLE
right,440,-310,20,REACHABLE
right,440,-310,40,REACHABLE
right,440,-310,60,REACHABLE
right,440,-310,80,REACHABLE
right,440,-300,0,REACHABLE
right,440,-300,20,REACHABLE
right,440,-300,40,REACHABLE
right,440,-300,60,REACHABLE
right,440,-300,80,REACHABLE
right,440,-290,0,REACHABLE
right,440,-290,20,REACHABLE
right,440,-290,40,REACHABLE
right,440,-290,60,REACHABLE
right,440,-290,80,REACHABLE
right,440,-280,0,REACHABLE
right,440,-280,20,REACHABLE
right,440,-280,40,REACHABLE
right,440,-280,60,REACHABLE
right,440,-280,80,REACHABLE
right,440,-270,0,REACHABLE
right,440,-270,20,REACHABLE
right,440,-270,40,REACHABLE
right,440,-270,60,REACHABLE
right,440,-270,80,REACHABLE
right,440,-260,0,REACHABLE
right,440,-260,20,REACHABLE
right,440,-260,40,REACHABLE
right,440,-260,60,REACHABLE
right,440,-260,80,REACHABLE
right,440,-250,0,REACHABLE
right,440,-250,20,REACHABLE
right,440,-250,40,REACHABLE
right,440,-250,60,REACHABLE
right,440,-250,80,REACHABLE
right,440,-240,0,REACHABLE
right,440,-240,20,REACHABLE
right,440,-240,40,REACHABLE
right,440,-240,60,REACHABLE
right,440,-240,80,REACHABLE
right,440,-230,0,REACHABLE
right,440,-230,20,REACHABLE
right,440,-230,40,REACHABLE
right,440,-230,60,REACHABLE
right,440,-230,80,REACHABLE
right,440,-220,0,REACHABLE
right,440,-220,20,REACHABLE
right,440,-220,40,REACHABLE
right,440,-220,60,REACHABLE
right,440,-220,80,REACHABLE
right,440,-210,0,REACHABLE
right,440,-210,20,REACHABLE
right,440,-210,40,REACHABLE
right,440,-210,60,REACHABLE
right,440,-210,80,REACHABLE
right,440,-200,0,REACHABLE
right,440,-200,20,REACHABLE
right,440,-200,40,REACHABLE
right,440,-200,60,REACHABLE
right,440,-200,80,REACHABLE
right,440,-190,0,REACHABLE
right,440,-190,20,REACHABLE
right,440,-190,40,REACHABLE
right,440,-190,60,REACHABLE
right,440,-190,80,REACHABLE
right,440,-180,0,REACHABLE
right,440,-180,20,REACHABLE
right,440,-180,40,REACHABLE
right,440,-180,60,REACHABLE
right,440,-180,80,REACHABLE
right,450,-320,0,REACHABLE
right,450,-320,20,REACHABLE
right,450,-320,40,REACHABLE
right,450,-320,60,REACHABLE
right,450,-320,80,REACHABLE
right,450,-310,0,REACHABLE
right,450,-310,20,REACHABLE
right,450,-310,40,REACHABLE
right,450,-310,60,REACHABLE
right,450,-310,80,REACHABLE
right,450,-300,0,REACHABLE
right,450,-300,20,REACHABLE
right,450,-300,40,REACHABLE
right,450,-300,60,REACHABLE
right,450,-300,80,REACHABLE
right,450,-290,0,REACHABLE
right,450,-290,20,REACHABLE
right,450,-290,40,REACHABLE
right,450,-290,60,REACHABLE
right,450,-290,80,REACHABLE
right,450,-280,0,REACHABLE
right,450,-280,20,REACHABLE
right,450,-280,40,REACHABLE
right,450,-280,60,REACHABLE
right,450,-280,80,REACHABLE
right,450,-270,0,REACHABLE
right,450,-270,20,REACHABLE
right,450,-270,40,REACHABLE
right,450,-270,60,REACHABLE
right,450,-270,80,REACHABLE
right,450,-260,0,REACHABLE
right,450,-260,20,REACHABLE
right,450,-260,40,REACHABLE
right,450,-260,60,REACHABLE
right,450,-260,80,REACHABLE
right,450,-250,0,REACHABLE
right,450,-250,20,REACHABLE
right,450,-250,40,REACHABLE
right,450,-250,60,REACHABLE
right,450,-250,80,REACHABLE
right,450,-240,0,REACHABLE
right,450,-240,20,REACHABLE
right,450,-240,40,REACHABLE
right,450,-240,60,REACHABLE
right,450,-240,80,REACHABLE
right,450,-230,0,REACHABLE
right,450,-230,20,REACHABLE
right,450,-230,40,REACHABLE
right,450,-230,60,REACHABLE
right,450,-230,80,REACHABLE
right,450,-220,0,REACHABLE
right,450,-220,20,REACHABLE
right,450,-220,40,REACHABLE
right,450,-220,60,REACHABLE
right,450,-220,80,REACHABLE
right,450,-210,0,REACHABLE
right,450,-210,20,REACHABLE
right,450,-210,40,REACHABLE
right,450,-210,60,REACHABLE
right,450,-210,80,REACHABLE
right,450,-200,0,REACHABLE
right,450,-200,20,REACHABLE
right,450,-200,40,REACHABLE
right,450,-200,60,REACHABLE
right,450,-200,80,REACHABLE
right,450,-190,0,REACHABLE
right,450,-190,20,REACHABLE
right,450,-190,40,REACHABLE
right,450,-190,60,REACHABLE
right,450,-190,80,REACHABLE
right,450,-180,0,REACHABLE
right,450,-180,20,REACHABLE
right,450,-180,40,REACHABLE
right,450,-180,60,REACHABLE
right,450,-180,80,REACHABLE
right,460,-320,0,REACHABLE
right,460,-320,20,REACHABLE
right,460,-320,40,REACHABLE
right,460,-320,60,REACHABLE
right,460,-320,80,REACHABLE
right,460,-310,0,REACHABLE
right,460,-310,20,REACHABLE
right,460,-310,40,REACHABLE
right,460,-310,60,REACHABLE
right,460,-310,80,REACHABLE
right,460,-300,0,REACHABLE
right,460,-300,20,REACHABLE
right,460,-300,40,REACHABLE
right,460,-300,60,REACHABLE
right,460,-300,80,REACHABLE
right,460,-290,0,REACHABLE
right,460,-290,20,REACHABLE
right,460,-290,40,REACHABLE
right,460,-290,60,REACHABLE
right,460,-290,80,REACHABLE
right,460,-280,0,REACHABLE
right,460,-280,20,REACHABLE
right,460,-280,40,REACHABLE
right,460,-280,60,REACHABLE
right,460,-280,80,REACHABLE
right,460,-270,0,REACHABLE
right,460,-270,20,REACHABLE
right,460,-270,40,REACHABLE
right,460,-270,60,REACHABLE
right,460,-270,80,REACHABLE
right,460,-260,0,REACHABLE
right,460,-260,20,REACHABLE
right,460,-260,40,REACHABLE
right,460,-260,60,REACHABLE
right,460,-260,80,REACHABLE
right,460,-250,0,REACHABLE
right,460,-250,20,REACHABLE
right,460,-250,40,REACHABLE
right,460,-250,60,REACHABLE
right,460,-250,80,REACHABLE
right,460,-240,0,REACHABLE
right,460,-240,20,REACHABLE
right,460,-240,40,REACHABLE
right,460,-240,60,REACHABLE
right,460,-240,80,REACHABLE
right,460,-230,0,REACHABLE
right,460,-230,20,REACHABLE
right,460,-230,40,REACHABLE
right,460,-230,60,REACHABLE
right,460,-230,80,REACHABLE
right,460,-220,0,REACHABLE
right,460,-220,20,REACHABLE
right,460,-220,40,REACHABLE
right,460,-220,60,REACHABLE
right,460,-220,80,REACHABLE
right,460,-210,0,REACHABLE
right,460,-210,20,REACHABLE
right,460,-210,40,REACHABLE
right,460,-210,60,REACHABLE
right,460,-210,80,REACHABLE
right,460,-200,0,REACHABLE
right,460,-200,20,REACHABLE
right,460,-200,40,REACHABLE
right,460,-200,60,REACHABLE
right,460,-200,80,REACHABLE
right,460,-190,0,REACHABLE
right,460,-190,20,REACHABLE
right,460,-190,40,REACHABLE
right,460,-190,60,REACHABLE
right,460,-190,80,REACHABLE
right,460,-180,0,REACHABLE
right,460,-180,20,REACHABLE
right,460,-180,40,REACHABLE
right,460,-180,60,REACHABLE
right,460,-180,80,REACHABLE
right,470,-320,0,REACHABLE
right,470,-320,20,REACHABLE
right,470,-320,40,REACHABLE
right,470,-320,60,REACHABLE
right,470,-320,80,REACHABLE
right,470,-310,0,REACHABLE
right,470,-310,20,REACHABLE
right,470,-310,40,REACHABLE
right,470,-310,60,REACHABLE
right,470,-310,80,REACHABLE
right,470,-300,0,REACHABLE
right,470,-300,20,REACHABLE
right,470,-300,40,REACHABLE
right,470,-300,60,REACHABLE
right,470,-300,80,REACHABLE
right,470,-290,0,REACHABLE
right,470,-290,20,REACHABLE
right,470,-290,40,REACHABLE
right,470,-290,60,REACHABLE
right,470,-290,80,REACHABLE
right,470,-280,0,REACHABLE
right,470,-280,20,REACHABLE
right,470,-280,40,REACHABLE
right,470,-280,60,REACHABLE
right,470,-280,80,REACHABLE
right,470,-270,0,REACHABLE
right,470,-270,20,REACHABLE
right,470,-270,40,REACHABLE
right,470,-270,60,REACHABLE
right,470,-270,80,REACHABLE
right,470,-260,0,REACHABLE
right,470,-260,20,REACHABLE
right,470,-260,40,REACHABLE
right,470,-260,60,REACHABLE
right,470,-260,80,REACHABLE
right,470,-250,0,REACHABLE
right,470,-250,20,REACHABLE
right,470,-250,40,REACHABLE
right,470,-250,60,REACHABLE
right,470,-250,80,REACHABLE
right,470,-240,0,REACHABLE
right,470,-240,20,REACHABLE
right,470,-240,40,REACHABLE
right,470,-240,60,REACHABLE
right,470,-240,80,REACHABLE
right,470,-230,0,REACHABLE
right,470,-230,20,REACHABLE
right,470,-230,40,REACHABLE
right,470,-230,60,REACHABLE
right,470,-230,80,REACHABLE
right,470,-220,0,REACHABLE
right,470,-220,20,REACHABLE
right,470,-220,40,REACHABLE
right,470,-220,60,REACHABLE
right,470,-220,80,REACHABLE
right,470,-210,0,REACHABLE
right,470,-210,20,REACHABLE
right,470,-210,40,REACHABLE
right,470,-210,60,REACHABLE
right,470,-210,80,REACHABLE
right,470,-200,0,REACHABLE
right,470,-200,20,REACHABLE
right,470,-200,40,REACHABLE
right,470,-200,60,REACHABLE
right,470,-200,80,REACHABLE
right,470,-190,0,REACHABLE
right,470,-190,20,REACHABLE
right,470,-190,40,REACHABLE
right,470,-190,60,REACHABLE
right,470,-190,80,REACHABLE
right,470,-180,0,REACHABLE
right,470,-180,20,REACHABLE
right,470,-180,40,REACHABLE
right,470,-180,60,REACHABLE
right,470,-180,80,REACHABLE
right,480,-320,0,REACHABLE
right,480,-320,20,REACHABLE
right,480,-320,40,REACHABLE
right,480,-320,60,REACHABLE
right,480,-320,80,REACHABLE
right,480,-310,0,REACHABLE
right,480,-310,20,REACHABLE
right,480,-310,40,REACHABLE
right,480,-310,60,REACHABLE
right,480,-310,80,REACHABLE
right,480,-300,0,REACHABLE
right,480,-300,20,REACHABLE
right,480,-300,40,REACHABLE
right,480,-300,60,REACHABLE
right,480,-300,80,REACHABLE
right,480,-290,0,REACHABLE
right,480,-290,20,REACHABLE
right,480,-290,40,REACHABLE
right,480,-290,60,REACHABLE
right,480,-290,80,REACHABLE
right,480,-280,0,REACHABLE
right,480,-280,20,REACHABLE
right,480,-280,40,REACHABLE
right,480,-280,60,REACHABLE
right,480,-280,80,REACHABLE
right,480,-270,0,REACHABLE
right,480,-270,20,REACHABLE
right,480,-270,40,REACHABLE
right,480,-270,60,REACHABLE
right,480,-270,80,REACHABLE
right,480,-260,0,REACHABLE
right,480,-260,20,REACHABLE
right,480,-260,40,REACHABLE
right,480,-260,60,REACHABLE
right,480,-260,80,REACHABLE
right,480,-250,0,REACHABLE
right,480,-250,20,REACHABLE
right,480,-250,40,REACHABLE
right,480,-250,60,REACHABLE
right,480,-250,80,REACHABLE
right,480,-240,0,REACHABLE
right,480,-240,20,REACHABLE
right,480,-240,40,REACHABLE
right,480,-240,60,REACHABLE
right,480,-240,80,REACHABLE
right,480,-230,0,REACHABLE
right,480,-230,20,REACHABLE
right,480,-230,40,REACHABLE
right,480,-230,60,REACHABLE
right,480,-230,80,REACHABLE
right,480,-220,0,REACHABLE
right,480,-220,20,REACHABLE
right,480,-220,40,REACHABLE
right,480,-220,60,REACHABLE
right,480,-220,80,REACHABLE
right,480,-210,0,REACHABLE
right,480,-210,20,REACHABLE
right,480,-210,40,REACHABLE
right,480,-210,60,REACHABLE
right,480,-210,80,REACHABLE
right,480,-200,0,REACHABLE
right,480,-200,20,REACHABLE
right,480,-200,40,REACHABLE
right,480,-200,60,REACHABLE
right,480,-200,80,REACHABLE
right,480,-190,0,REACHABLE
right,480,-190,20,REACHABLE
right,480,-190,40,REACHABLE
right,480,-190,60,REACHABLE
right,480,-190,80,REACHABLE
right,480,-180,0,REACHABLE
right,480,-180,20,REACHABLE
right,480,-180,40,REACHABLE
right,480,-180,60,REACHABLE
right,480,-180,80,REACHABLE
right,490,-320,0,REACHABLE
right,490,-320,20,REACHABLE
right,490,-320,40,REACHABLE
right,490,-320,60,REACHABLE
right,490,-320,80,REACHABLE
right,490,-310,0,REACHABLE
right,490,-310,20,REACHABLE
right,490,-310,40,REACHABLE
right,490,-310,60,REACHABLE
right,490,-310,80,REACHABLE
right,490,-300,0,REACHABLE
right,490,-300,20,REACHABLE
right,490,-300,40,REACHABLE
right,490,-300,60,REACHABLE
right,490,-300,80,REACHABLE
right,490,-290,0,REACHABLE
right,490,-290,20,REACHABLE
right,490,-290,40,REACHABLE
right,490,-290,60,REACHABLE
right,490,-290,80,REACHABLE
right,490,-280,0,REACHABLE
right,490,-280,20,REACHABLE
right,490,-280,40,REACHABLE
right,490,-280,60,REACHABLE
right,490,-280,80,REACHABLE
right,490,-270,0,REACHABLE
right,490,-270,20,REACHABLE
right,490,-270,40,REACHABLE
right,490,-270,60,REACHABLE
right,490,-270,80,REACHABLE
right,490,-260,0,REACHABLE
right,490,-260,20,REACHABLE
right,490,-260,40,REACHABLE
right,490,-260,60,REACHABLE
right,490,-260,80,REACHABLE
right,490,-250,0,REACHABLE
right,490,-250,20,REACHABLE
right,490,-250,40,REACHABLE
right,490,-250,60,REACHABLE
right,490,-250,80,REACHABLE
right,490,-240,0,REACHABLE
right,490,-240,20,REACHABLE
right,490,-240,40,REACHABLE
right,490,-240,60,REACHABLE
right,490,-240,80,REACHABLE
right,490,-230,0,REACHABLE
right,490,-230,20,REACHABLE
right,490,-230,40,REACHABLE
right,490,-230,60,REACHABLE
right,490,-230,80,REACHABLE
right,490,-220,0,REACHABLE
right,490,-220,20,REACHABLE
right,490,-220,40,REACHABLE
right,490,-220,60,REACHABLE
right,490,-220,80,REACHABLE
right,490,-210,0,REACHABLE
right,490,-210,20,REACHABLE
right,490,-210,40,REACHABLE
right,490,-210,60,REACHABLE
right,490,-210,80,REACHABLE
right,490,-200,0,REACHABLE
right,490,-200,20,REACHABLE
right,490,-200,40,REACHABLE
right,490,-200,60,REACHABLE
right,490,-200,80,REACHABLE
right,490,-190,0,REACHABLE
right,490,-190,20,REACHABLE
right,490,-190,40,REACHABLE
right,490,-190,60,REACHABLE
right,490,-190,80,REACHABLE
right,490,-180,0,REACHABLE
right,490,-180,20,REACHABLE
right,490,-180,40,REACHABLE
right,490,-180,60,REACHABLE
right,490,-180,80,REACHABLE
right,500,-320,0,REACHABLE
right,500,-320,20,REACHABLE
right,500,-320,40,REACHABLE
right,500,-320,60,REACHABLE
right,500,-320,80,REACHABLE
right,500,-310,0,REACHABLE
right,500,-310,20,REACHABLE
right,500,-310,40,REACHABLE
right,500,-310,60,REACHABLE
right,500,-310,80,REACHABLE
right,500,-300,0,REACHABLE
right,500,-300,20,REACHABLE
right,500,-300,40,REACHABLE
right,500,-300,60,REACHABLE
right,500,-300,80,REACHABLE
right,500,-290,0,REACHABLE
right,500,-290,20,REACHABLE
right,500,-290,40,REACHABLE
right,500,-290,60,REACHABLE
right,500,-290,80,REACHABLE
right,500,-280,0,REACHABLE
right,500,-280,20,REACHABLE
right,500,-280,40,REACHABLE
right,500,-280,60,REACHABLE
right,500,-280,80,REACHABLE
right,500,-270,0,REACHABLE
right,500,-270,20,REACHABLE
right,500,-270,40,REACHABLE
right,500,-270,60,REACHABLE
right,500,-270,80,REACHABLE
right,500,-260,0,REACHABLE
right,500,-260,20,REACHABLE
right,500,-260,40,REACHABLE
right,500,-260,60,REACHABLE
right,500,-260,80,REACHABLE
right,500,-250,0,REACHABLE
right,500,-250,20,REACHABLE
right,500,-250,40,REACHABLE
right,500,-250,60,REACHABLE
right,500,-250,80,REACHABLE
right,500,-240,0,REACHABLE
right,500,-240,20,REACHABLE
right,500,-240,40,REACHABLE
right,500,-240,60,REACHABLE
right,500,-240,80,REACHABLE
right,500,-230,0,REACHABLE
right,500,-230,20,REACHABLE
right,500,-230,40,REACHABLE
right,500,-230,60,REACHABLE
right,500,-230,80,REACHABLE
right,500,-220,0,REACHABLE
right,500,-220,20,REACHABLE
right,500,-220,40,REACHABLE
right,500,-220,60,REACHABLE
right,500,-220,80,REACHABLE
right,500,-210,0,REACHABLE
right,500,-210,20,REACHABLE
right,500,-210,40,REACHABLE
right,500,-210,60,REACHABLE
right,500,-210,80,REACHABLE
right,500,-200,0,REACHABLE
right,500,-200,20,REACHABLE
right,500,-200,40,REACHABLE
right,500,-200,60,REACHABLE
right,500,-200,80,REACHABLE
right,500,-190,0,REACHABLE
right,500,-190,20,REACHABLE
right,500,-190,40,REACHABLE
right,500,-190,60,REACHABLE
right,500,-190,80,REACHABLE
right,500,-180,0,REACHABLE
right,500,-180,20,REACHABLE
right,500,-180,40,REACHABLE
right,500,-180,60,REACHABLE
right,500,-180,80,REACHABLE
right,510,-320,0,REACHABLE
right,510,-320,20,REACHABLE
right,510,-320,40,REACHABLE
right,510,-320,60,REACHABLE
right,510,-320,80,REACHABLE
right,510,-310,0,REACHABLE
right,510,-310,20,REACHABLE
right,510,-310,40,REACHABLE
right,510,-310,60,REACHABLE
right,510,-310,80,REACHABLE
right,510,-300,0,REACHABLE
right,510,-300,20,REACHABLE
right,510,-300,40,REACHABLE
right,510,-300,60,REACHABLE
right,510,-300,80,REACHABLE
right,510,-290,0,REACHABLE
right,510,-290,20,REACHABLE
right,510,-290,40,REACHABLE
right,510,-290,60,REACHABLE
right,510,-290,80,REACHABLE
right,510,-280,0,REACHABLE
right,510,-280,20,REACHABLE
right,510,-280,40,REACHABLE
right,510,-280,60,REACHABLE
right,510,-280,80,REACHABLE
right,510,-270,0,REACHABLE
right,510,-270,20,REACHABLE
right,510,-270,40,REACHABLE
right,510,-270,60,REACHABLE
right,510,-270,80,REACHABLE
right,510,-260,0,REACHABLE
right,510,-260,20,REACHABLE
right,510,-260,40,REACHABLE
right,510,-260,60,REACHABLE
right,510,-260,80,REACHABLE
right,510,-250,0,REACHABLE
right,510,-250,20,REACHABLE
right,510,-250,40,REACHABLE
right,510,-250,60,REACHABLE
right,510,-250,80,REACHABLE
right,510,-240,0,REACHABLE
right,510,-240,20,REACHABLE
right,510,-240,40,REACHABLE
right,510,-240,60,REACHABLE
right,510,-240,80,REACHABLE
right,510,-230,0,REACHABLE
right,510,-230,20,REACHABLE
right,510,-230,40,REACHABLE
right,510,-230,60,REACHABLE
right,510,-230,80,REACHABLE
right,510,-220,0,REACHABLE
right,510,-220,20,REACHABLE
right,510,-220,40,REACHABLE
right,510,-220,60,REACHABLE
right,510,-220,80,REACHABLE
right,510,-210,0,REACHABLE
right,510,-210,20,REACHABLE
right,510,-210,40,REACHABLE
right,510,-210,60,REACHABLE
right,510,-210,80,REACHABLE
right,510,-200,0,REACHABLE
right,510,-200,20,REACHABLE
right,510,-200,40,REACHABLE
right,510,-200,60,REACHABLE
right,510,-200,80,REACHABLE
right,510,-190,0,REACHABLE
right,510,-190,20,REACHABLE
right,510,-190,40,REACHABLE
right,510,-190,60,REACHABLE
right,510,-190,80,REACHABLE
right,510,-180,0,REACHABLE
right,510,-180,20,REACHABLE
right,510,-180,40,REACHABLE
right,510,-180,60,REACHABLE
right,510,-180,80,REACHABLE
right,520,-320,0,REACHABLE
right,520,-320,20,REACHABLE
right,520,-320,40,REACHABLE
right,520,-320,60,REACHABLE
right,520,-320,80,REACHABLE
right,520,-310,0,REACHABLE
right,520,-310,20,REACHABLE
right,520,-310,40,REACHABLE
right,520,-310,60,REACHABLE
right,520,-310,80,REACHABLE
right,520,-300,0,REACHABLE
right,520,-300,20,REACHABLE
right,520,-300,40,REACHABLE
right,520,-300,60,REACHABLE
right,520,-300,80,REACHABLE
right,520,-290,0,REACHABLE
right,520,-290,20,REACHABLE
right,520,-290,40,REACHABLE
right,520,-290,60,REACHABLE
right,520,-290,80,REACHABLE
right,520,-280,0,REACHABLE
right,520,-280,20,REACHABLE
right,520,-280,40,REACHABLE
right,520,-280,60,REACHABLE
right,520,-280,80,REACHABLE
right,520,-270,0,REACHABLE
right,520,-270,20,REACHABLE
right,520,-270,40,REACHABLE
right,520,-270,60,REACHABLE
right,520,-270,80,REACHABLE
right,520,-260,0,REACHABLE
right,520,-260,20,REACHABLE
right,520,-260,40,REACHABLE
right,520,-260,60,REACHABLE
right,520,-260,80,REACHABLE
right,520,-250,0,REACHABLE
right,520,-250,20,REACHABLE
right,520,-250,40,REACHABLE
right,520,-250,60,REACHABLE
right,520,-250,80,REACHABLE
right,520,-240,0,REACHABLE
right,520,-240,20,REACHABLE
right,520,-240,40,REACHABLE
right,520,-240,60,REACHABLE
right,520,-240,80,REACHABLE
right,520,-230,0,REACHABLE
right,520,-230,20,REACHABLE
right,520,-230,40,REACHABLE
right,520,-230,60,REACHABLE
right,520,-230,80,REACHABLE
right,520,-220,0,REACHABLE
right,520,-220,20,REACHABLE
right,520,-220,40,REACHABLE
right,520,-220,60,REACHABLE
right,520,-220,80,REACHABLE
right,520,-210,0,REACHABLE
right,520,-210,20,REACHABLE
right,520,-210,40,REACHABLE
right,520,-210,60,REACHABLE
right,520,-210,80,REACHABLE
right,520,-200,0,REACHABLE
right,520,-200,20,REACHABLE
right,520,-200,40,REACHABLE
right,520,-200,60,REACHABLE
right,520,-200,80,REACHABLE
right,520,-190,0,REACHABLE
right,520,-190,20,REACHABLE
right,520,-190,40,REACHABLE
right,520,-190,60,REACHABLE
right,520,-190,80,REACHABLE
right,520,-180,0,REACHABLE
right,520,-180,20,REACHABLE
right,520,-180,40,REACHABLE
right,520,-180,60,REACHABLE
right,520,-180,80,REACHABLE
right,530,-320,0,REACHABLE
right,530,-320,20,REACHABLE
right,530,-320,40,REACHABLE
right,530,-320,60,REACHABLE
right,530,-320,80,REACHABLE
right,530,-310,0,REACHABLE
right,530,-310,20,REACHABLE
right,530,-310,40,REACHABLE
right,530,-310,60,REACHABLE
right,530,-310,80,REACHABLE
right,530,-300,0,REACHABLE
right,530,-300,20,REACHABLE
right,530,-300,40,REACHABLE
right,530,-300,60,REACHABLE
right,530,-300,80,REACHABLE
right,530,-290,0,REACHABLE
right,530,-290,20,REACHABLE
right,530,-290,40,REACHABLE
right,530,-290,60,REACHABLE
right,530,-290,80,REACHABLE
right,530,-280,0,REACHABLE
right,530,-280,20,REACHABLE
right,530,-280,40,REACHABLE
right,530,-280,60,REACHABLE
right,530,-280,80,REACHABLE
right,530,-270,0,REACHABLE
right,530,-270,20,REACHABLE
right,530,-270,40,REACHABLE
right,530,-270,60,REACHABLE
right,530,-270,80,REACHABLE
right,530,-260,0,REACHABLE
right,530,-260,20,REACHABLE
right,530,-260,40,REACHABLE
right,530,-260,60,REACHABLE
right,530,-260,80,REACHABLE
right,530,-250,0,REACHABLE
right,530,-250,20,REACHABLE
right,530,-250,40,REACHABLE
right,530,-250,60,REACHABLE
right,530,-250,80,REACHABLE
right,530,-240,0,REACHABLE
right,530,-240,20,REACHABLE
right,530,-240,40,REACHABLE
right,530,-240,60,REACHABLE
right,530,-240,80,REACHABLE
right,530,-230,0,REACHABLE
right,530,-230,20,REACHABLE
right,530,-230,40,REACHABLE
right,530,-230,60,REACHABLE
right,530,-230,80,REACHABLE
right,530,-220,0,REACHABLE
right,530,-220,20,REACHABLE
right,530,-220,40,REACHABLE
right,530,-220,60,REACHABLE
right,530,-220,80,REACHABLE
right,530,-210,0,REACHABLE
right,530,-210,20,REACHABLE
right,530,-210,40,REACHABLE
right,530,-210,60,REACHABLE
right,530,-210,80,REACHABLE
right,530,-200,0,REACHABLE
right,530,-200,20,REACHABLE
right,530,-200,40,REACHABLE
right,530,-200,60,REACHABLE
right,530,-200,80,REACHABLE
right,530,-190,0,REACHABLE
right,530,-190,20,REACHABLE
right,530,-190,40,REACHABLE
right,530,-190,60,REACHABLE
right,530,-190,80,REACHABLE
right,530,-180,0,REACHABLE
right,530,-180,20,REACHABLE
right,530,-180,40,REACHABLE
right,530,-180,60,REACHABLE
right,530,-180,80,REACHABLE
right,540,-320,0,REACHABLE
right,540,-320,20,REACHABLE
right,540,-320,40,REACHABLE
right,540,-320,60,REACHABLE
right,540,-320,80,REACHABLE
right,540,-310,0,REACHABLE
right,540,-310,20,REACHABLE
right,540,-310,40,REACHABLE
right,540,-310,60,REACHABLE
right,540,-310,80,REACHABLE
right,540,-300,0,REACHABLE
right,540,-300,20,REACHABLE
right,540,-300,40,REACHABLE
right,540,-300,60,REACHABLE
right,540,-300,80,REACHABLE
right,540,-290,0,REACHABLE
right,540,-290,20,REACHABLE
right,540,-290,40,REACHABLE
right,540,-290,60,REACHABLE
right,540,-290,80,REACHABLE
right,540,-280,0,REACHABLE
right,540,-280,20,REACHABLE
right,540,-280,40,REACHABLE
right,540,-280,60,REACHABLE
right,540,-280,80,REACHABLE
right,540,-270,0,REACHABLE
right,540,-270,20,REACHABLE
right,540,-270,40,REACHABLE
right,540,-270,60,REACHABLE
right,540,-270,80,REACHABLE
right,540,-260,0,REACHABLE
right,540,-260,20,REACHABLE
right,540,-260,40,REACHABLE
right,540,-260,60,REACHABLE
right,540,-260,80,REACHABLE
right,540,-250,0,REACHABLE
right,540,-250,20,REACHABLE
right,540,-250,40,REACHABLE
right,540,-250,60,REACHABLE
right,540,-250,80,REACHABLE
right,540,-240,0,REACHABLE
right,540,-240,20,REACHABLE
right,540,-240,40,REACHABLE
right,540,-240,60,REACHABLE
right,540,-240,80,REACHABLE
right,540,-230,0,REACHABLE
right,540,-230,20,REACHABLE
right,540,-230,40,REACHABLE
right,540,-230,60,REACHABLE
right,540,-230,80,REACHABLE
right,540,-220,0,REACHABLE
right,540,-220,20,REACHABLE
right,540,-220,40,REACHABLE
right,540,-220,60,REACHABLE
right,540,-220,80,REACHABLE
right,540,-210,0,REACHABLE
right,540,-210,20,REACHABLE
right,540,-210,40,REACHABLE
right,540,-210,60,REACHABLE
right,540,-210,80,REACHABLE
right,540,-200,0,REACHABLE
right,540,-200,20,REACHABLE
right,540,-200,40,REACHABLE
right,540,-200,60,REACHABLE
right,540,-200,80,REACHABLE
right,540,-190,0,REACHABLE
right,540,-190,20,REACHABLE
right,540,-190,40,REACHABLE
right,540,-190,60,REACHABLE
right,540,-190,80,REACHABLE
right,540,-180,0,REACHABLE
right,540,-180,20,REACHABLE
right,540,-180,40,REACHABLE
right,540,-180,60,REACHABLE
right,540,-180,80,REACHABLE
right,550,-320,0,REACHABLE
right,550,-320,20,REACHABLE
right,550,-320,40,REACHABLE
right,550,-320,60,REACHABLE
right,550,-320,80,REACHABLE
right,550,-310,0,REACHABLE
right,550,-310,20,REACHABLE
right,550,-310,40,REACHABLE
right,550,-310,60,REACHABLE
right,550,-310,80,REACHABLE
right,550,-300,0,REACHABLE
right,550,-300,20,REACHABLE
right,550,-300,40,REACHABLE
right,550,-300,60,REACHABLE
right,550,-300,80,REACHABLE
right,550,-290,0,REACHABLE
right,550,-290,20,REACHABLE
right,550,-290,40,REACHABLE
right,550,-290,60,REACHABLE
right,550,-290,80,REACHABLE
right,550,-280,0,REACHABLE
right,550,-280,20,REACHABLE
right,550,-280,40,REACHABLE
right,550,-280,60,REACHABLE
right,550,-280,80,REACHABLE
right,550,-270,0,REACHABLE
right,550,-270,20,REACHABLE
right,550,-270,40,REACHABLE
right,550,-270,60,REACHABLE
right,550,-270,80,REACHABLE
right,550,-260,0,REACHABLE
right,550,-260,20,REACHABLE
right,550,-260,40,REACHABLE
right,550,-260,60,REACHABLE
right,550,-260,80,REACHABLE
right,550,-250,0,REACHABLE
right,550,-250,20,REACHABLE
right,550,-250,40,REACHABLE
right,550,-250,60,REACHABLE
right,550,-250,80,REACHABLE
right,550,-240,0,REACHABLE
right,550,-240,20,REACHABLE
right,550,-240,40,REACHABLE
right,550,-240,60,REACHABLE
right,550,-240,80,REACHABLE
right,550,-230,0,REACHABLE
right,550,-230,20,REACHABLE
right,550,-230,40,REACHABLE
right,550,-230,60,REACHABLE
right,550,-230,80,REACHABLE
right,550,-220,0,REACHABLE
right,550,-220,20,REACHABLE
right,550,-220,40,REACHABLE
right,550,-220,60,REACHABLE
right,550,-220,80,REACHABLE
right,550,-210,0,REACHABLE
right,550,-210,20,REACHABLE
right,550,-210,40,REACHABLE
right,550,-210,60,REACHABLE
right,550,-210,80,REACHABLE
right,550,-200,0,REACHABLE
right,550,-200,20,REACHABLE
right,550,-200,40,REACHABLE
right,550,-200,60,REACHABLE
right,550,-200,80,REACHABLE
right,550,-190,0,REACHABLE
right,550,-190,20,REACHABLE
right,550,-190,40,REACHABLE
right,550,-190,60,REACHABLE
right,550,-190,80,REACHABLE
right,550,-180,0,REACHABLE
right,550,-180,20,REACHABLE
right,550,-180,40,REACHABLE
right,550,-180,60,REACHABLE
right,550,-180,80,REACHABLE
right,560,-320,0,REACHABLE
right,560,-320,20,REACHABLE
right,560,-320,40,REACHABLE
right,560,-320,60,REACHABLE
right,560,-320,80,REACHABLE
right,560,-310,0,REACHABLE
right,560,-310,20,REACHABLE
right,560,-310,40,REACHABLE
right,560,-310,60,REACHABLE
right,560,-310,80,REACHABLE
right,560,-300,0,REACHABLE
right,560,-300,20,REACHABLE
right,560,-300,40,REACHABLE
right,560,-300,60,REACHABLE
right,560,-300,80,REACHABLE
right,560,-290,0,REACHABLE
right,560,-290,20,REACHABLE
right,560,-290,40,REACHABLE
right,560,-290,60,REACHABLE
right,560,-290,80,REACHABLE
right,560,-280,0,REACHABLE
right,560,-280,20,REACHABLE
right,560,-280,40,REACHABLE
right,560,-280,60,REACHABLE
right,560,-280,80,REACHABLE
right,560,-270,0,REACHABLE
right,560,-270,20,REACHABLE
right,560,-270,40,REACHABLE
right,560,-270,60,REACHABLE
right,560,-270,80,REACHABLE
right,560,-260,0,REACHABLE
right,560,-260,20,REACHABLE
right,560,-260,40,REACHABLE
right,560,-260,60,REACHABLE
right,560,-260,80,REACHABLE
right,560,-250,0,REACHABLE
right,560,-250,20,REACHABLE
right,560,-250,40,REACHABLE
right,560,-250,60,REACHABLE
right,560,-250,80,REACHABLE
right,560,-240,0,REACHABLE
right,560,-240,20,REACHABLE
right,560,-240,40,REACHABLE
right,560,-240,60,REACHABLE
right,560,-240,80,REACHABLE
right,560,-230,0,REACHABLE
right,560,-230,20,REACHABLE
right,560,-230,40,REACHABLE
right,560,-230,60,REACHABLE
right,560,-230,80,REACHABLE
right,560,-220,0,REACHABLE
right,560,-220,20,REACHABLE
right,560,-220,40,REACHABLE
right,560,-220,60,REACHABLE
right,560,-220,80,REACHABLE
right,560,-210,0,REACHABLE
right,560,-210,20,REACHABLE
right,560,-210,40,REACHABLE
right,560,-210,60,REACHABLE
right,560,-210,80,REACHABLE
right,560,-200,0,REACHABLE
right,560,-200,20,REACHABLE
right,560,-200,40,REACHABLE
right,560,-200,60,REACHABLE
right,560,-200,80,REACHABLE
right,560,-190,0,REACHABLE
right,560,-190,20,REACHABLE
right,560,-190,40,REACHABLE
right,560,-190,60,REACHABLE
right,560,-190,80,REACHABLE
right,560,-180,0,REACHABLE
right,560,-180,20,REACHABLE
right,560,-180,40,REACHABLE
right,560,-180,60,REACHABLE
right,560,-180,80,REACHABLE
right,570,-320,0,REACHABLE
right,570,-320,20,REACHABLE
right,570,-320,40,REACHABLE
right,570,-320,60,REACHABLE
right,570,-320,80,REACHABLE
right,570,-310,0,REACHABLE
right,570,-310,20,REACHABLE
right,570,-310,40,REACHABLE
right,570,-310,60,REACHABLE
right,570,-310,80,REACHABLE
right,570,-300,0,REACHABLE
right,570,-300,20,REACHABLE
right,570,-300,40,REACHABLE
right,570,-300,60,REACHABLE
right,570,-300,80,REACHABLE
right,570,-290,0,REACHABLE
right,570,-290,20,REACHABLE
right,570,-290,40,REACHABLE
right,570,-290,60,REACHABLE
right,570,-290,80,REACHABLE
right,570,-280,0,REACHABLE
right,570,-280,20,REACHABLE
right,570,-280,40,REACHABLE
right,570,-280,60,REACHABLE
right,570,-280,80,REACHABLE
right,570,-270,0,REACHABLE
right,570,-270,20,REACHABLE
right,570,-270,40,REACHABLE
right,570,-270,60,REACHABLE
right,570,-270,80,REACHABLE
right,570,-260,0,REACHABLE
right,570,-260,20,REACHABLE
right,570,-260,40,REACHABLE
right,570,-260,60,REACHABLE
right,570,-260,80,REACHABLE
right,570,-250,0,REACHABLE
right,570,-250,20,REACHABLE
right,570,-250,40,REACHABLE
right,570,-250,60,REACHABLE
right,570,-250,80,REACHABLE
right,570,-240,0,REACHABLE
right,570,-240,20,REACHABLE
right,570,-240,40,REACHABLE
right,570,-240,60,REACHABLE
right,570,-240,80,REACHABLE
right,570,-230,0,REACHABLE
right,570,-230,20,REACHABLE
right,570,-230,40,REACHABLE
right,570,-230,60,REACHABLE
right,570,-230,80,REACHABLE
right,570,-220,0,REACHABLE
right,570,-220,20,REACHABLE
right,570,-220,40,REACHABLE
right,570,-220,60,REACHABLE
right,570,-220,80,REACHABLE
right,570,-210,0,REACHABLE
right,570,-210,20,REACHABLE
right,570,-210,40,REACHABLE
right,570,-210,60,REACHABLE
right,570,-210,80,REACHABLE
right,570,-200,0,REACHABLE
right,570,-200,20,REACHABLE
right,570,-200,40,REACHABLE
right,570,-200,60,REACHABLE
right,570,-200,80,REACHABLE
right,570,-190,0,REACHABLE
right,570,-190,20,REACHABLE
right,570,-190,40,REACHABLE
right,570,-190,60,REACHABLE
right,570,-190,80,REACHABLE
right,570,-180,0,REACHABLE
right,570,-180,20,REACHABLE
right,570,-180,40,REACHABLE
right,570,-180,60,REACHABLE
right,570,-180,80,REACHABLE
right,580,-320,0,REACHABLE
right,580,-320,20,REACHABLE
right,580,-320,40,REACHABLE
right,580,-320,60,REACHABLE
right,580,-320,80,REACHABLE
right,580,-310,0,REACHABLE
right,580,-310,20,REACHABLE
right,580,-310,40,REACHABLE
right,580,-310,60,REACHABLE
right,580,-310,80,REACHABLE
right,580,-300,0,REACHABLE
right,580,-300,20,REACHABLE
right,580,-300,40,REACHABLE
right,580,-300,60,REACHABLE
right,580,-300,80,REACHABLE
right,580,-290,0,REACHABLE
right,580,-290,20,REACHABLE
right,580,-290,40,REACHABLE
right,580,-290,60,REACHABLE
right,580,-290,80,REACHABLE
right,580,-280,0,REACHABLE
right,580,-280,20,REACHABLE
right,580,-280,40,REACHABLE
right,580,-280,60,REACHABLE
right,580,-280,80,REACHABLE
right,580,-270,0,REACHABLE
right,580,-270,20,REACHABLE
right,580,-270,40,REACHABLE
right,580,-270,60,REACHABLE
right,580,-270,80,REACHABLE
right,580,-260,0,REACHABLE
right,580,-260,20,REACHABLE
right,580,-260,40,REACHABLE
right,580,-260,60,REACHABLE
right,580,-260,80,REACHABLE
right,580,-250,0,REACHABLE
right,580,-250,20,REACHABLE
right,580,-250,40,REACHABLE
right,580,-250,60,REACHABLE
right,580,-250,80,REACHABLE
right,580,-240,0,REACHABLE
right,580,-240,20,REACHABLE
right,580,-240,40,REACHABLE
right,580,-240,60,REACHABLE
right,580,-240,80,REACHABLE
right,580,-230,0,REACHABLE
right,580,-230,20,REACHABLE
right,580,-230,40,REACHABLE
right,580,-230,60,REACHABLE
right,580,-230,80,REACHABLE
right,580,-220,0,REACHABLE
right,580,-220,20,REACHABLE
right,580,-220,40,REACHABLE
right,580,-220,60,REACHABLE
right,580,-220,80,REACHABLE
right,580,-210,0,REACHABLE
right,580,-210,20,REACHABLE
right,580,-210,40,REACHABLE
right,580,-210,60,REACHABLE
right,580,-210,80,REACHABLE
right,580,-200,0,REACHABLE
right,580,-200,20,REACHABLE
right,580,-200,40,REACHABLE
right,580,-200,60,REACHABLE
right,580,-200,80,REACHABLE
right,580,-190,0,REACHABLE
right,580,-190,20,REACHABLE
right,580,-190,40,REACHABLE
right,580,-190,60,REACHABLE
right,580,-190,80,REACHABLE
right,580,-180,0,REACHABLE
right,580,-180,20,REACHABLE
right,580,-180,40,REACHABLE
right,580,-180,60,REACHABLE
right,580,-180,80,REACHABLE
right,590,-320,0,REACHABLE
right,590,-320,20,REACHABLE
right,590,-320,40,REACHABLE
right,590,-320,60,REACHABLE
right,590,-320,80,REACHABLE
right,590,-310,0,REACHABLE
right,590,-310,20,REACHABLE
right,590,-310,40,REACHABLE
right,590,-310,60,REACHABLE
right,590,-310,80,REACHABLE
right,590,-300,0,REACHABLE
right,590,-300,20,REACHABLE
right,590,-300,40,REACHABLE
right,590,-300,60,REACHABLE
right,590,-300,80,REACHABLE
right,590,-290,0,REACHABLE
right,590,-290,20,REACHABLE
right,590,-290,40,REACHABLE
right,590,-290,60,REACHABLE
right,590,-290,80,REACHABLE
right,590,-280,0,REACHABLE
right,590,-280,20,REACHABLE
right,590,-280,40,REACHABLE
right,590,-280,60,REACHABLE
right,590,-280,80,REACHABLE
right,590,-270,0,REACHABLE
right,590,-270,20,REACHABLE
right,590,-270,40,REACHABLE
right,590,-270,60,REACHABLE
right,590,-270,80,REACHABLE
right,590,-260,0,REACHABLE
right,590,-260,20,REACHABLE
right,590,-260,40,REACHABLE
right,590,-260,60,REACHABLE
right,590,-260,80,REACHABLE
right,590,-250,0,REACHABLE
right,590,-250,20,REACHABLE
right,590,-250,40,REACHABLE
right,590,-250,60,REACHABLE
right,590,-250,80,REACHABLE
right,590,-240,0,REACHABLE
right,590,-240,20,REACHABLE
right,590,-240,40,REACHABLE
right,590,-240,60,REACHABLE
right,590,-240,80,REACHABLE
right,590,-230,0,REACHABLE
right,590,-230,20,REACHABLE
right,590,-230,40,REACHABLE
right,590,-230,60,REACHABLE
right,590,-230,80,REACHABLE
right,590,-220,0,REACHABLE
right,590,-220,20,REACHABLE
right,590,-220,40,REACHABLE
right,590,-220,60,REACHABLE
right,590,-220,80,REACHABLE
right,590,-210,0,REACHABLE
right,590,-210,20,REACHABLE
right,590,-210,40,REACHABLE
right,590,-210,60,REACHABLE
right,590,-210,80,REACHABLE
right,590,-200,0,REACHABLE
right,590,-200,20,REACHABLE
right,590,-200,40,REACHABLE
right,590,-200,60,REACHABLE
right,590,-200,80,REACHABLE
right,590,-190,0,REACHABLE
right,590,-190,20,REACHABLE
right,590,-190,40,REACHABLE
right,590,-190,60,REACHABLE
right,590,-190,80,REACHABLE
right,590,-180,0,REACHABLE
right,590,-180,20,REACHABLE
right,590,-180,40,REACHABLE
right,590,-180,60,REACHABLE
right,590,-180,80,REACHABLE
right,600,-320,0,REACHABLE
right,600,-320,20,REACHABLE
right,600,-320,40,REACHABLE
right,600,-320,60,REACHABLE
right,600,-320,80,REACHABLE
right,600,-310,0,REACHABLE
right,600,-310,20,REACHABLE
right,600,-310,40,REACHABLE
right,600,-310,60,REACHABLE
right,600,-310,80,REACHABLE
right,600,-300,0,REACHABLE
right,600,-300,20,REACHABLE
right,600,-300,40,REACHABLE
right,600,-300,60,REACHABLE
right,600,-300,80,REACHABLE
right,600,-290,0,REACHABLE
right,600,-290,20,REACHABLE
right,600,-290,40,REACHABLE
right,600,-290,60,REACHABLE
right,600,-290,80,REACHABLE
right,600,-280,0,REACHABLE
right,600,-280,20,REACHABLE
right,600,-280,40,REACHABLE
right,600,-280,60,REACHABLE
right,600,-280,80,REACHABLE
right,600,-270,0,REACHABLE
right,600,-270,20,REACHABLE
right,600,-270,40,REACHABLE
right,600,-270,60,REACHABLE
right,600,-270,80,REACHABLE
right,600,-260,0,REACHABLE
right,600,-260,20,REACHABLE
right,600,-260,40,REACHABLE
right,600,-260,60,REACHABLE
right,600,-260,80,REACHABLE
right,600,-250,0,REACHABLE
right,600,-250,20,REACHABLE
right,600,-250,40,REACHABLE
right,600,-250,60,REACHABLE
right,600,-250,80,REACHABLE
right,600,-240,0,REACHABLE
right,600,-240,20,REACHABLE
right,600,-240,40,REACHABLE
right,600,-240,60,REACHABLE
right,600,-240,80,REACHABLE
right,600,-230,0,REACHABLE
right,600,-230,20,REACHABLE
right,600,-230,40,REACHABLE
right,600,-230,60,REACHABLE
right,600,-230,80,REACHABLE
right,600,-220,0,REACHABLE
right,600,-220,20,REACHABLE
right,600,-220,40,REACHABLE
right,600,-220,60,REACHABLE
right,600,-220,80,REACHABLE
right,600,-210,0,REACHABLE
right,600,-210,20,REACHABLE
right,600,-210,40,REACHABLE
right,600,-210,60,REACHABLE
right,600,-210,80,REACHABLE
right,600,-200,0,REACHABLE
right,600,-200,20,REACHABLE
right,600,-200,40,REACHABLE
right,600,-200,60,REACHABLE
right,600,-200,80,REACHABLE
right,600,-190,0,REACHABLE
right,600,-190,20,REACHABLE
right,600,-190,40,REACHABLE
right,600,-190,60,REACHABLE
right,600,-190,80,REACHABLE
right,600,-180,0,REACHABLE
right,600,-180,20,REACHABLE
right,600,-180,40,REACHABLE
right,600,-180,60,REACHABLE
right,600,-180,80,REACHABLE
