id,subsystem,manufacturer,manufacturer_part_number,description,qty,key_mechanical_interface,key_electrical_interface,selection_status,source_url,source_checked,validation_gate
MOT-J1,Arm drive,StepperOnline,17HS15-1684D-HG10-AR4,"NEMA17 stepper; 10:1 HG planetary gearbox; differential 1000 PPR encoder",1,"42x42 mm frame; 99.5 mm body; 8x23.5 mm keyed shaft; 31 mm flange pitch","1.68 A/phase; encoder 3.3-5.5 V differential",CONTROLLED_SELECTION,https://www.omc-stepperonline.com/nema-17-stepper-motor-with-gearbox-gear-ratio-10-1-magnetic-encoder-1000ppr-4000cpr-17hs15-1684d-hg10-ar4,2026-08-20,"incoming inspection; torque-speed test"
MOT-J2,Arm drive,StepperOnline,23HS22-HG10-E1000,"NEMA23 closed-loop stepper; 10:1 HG planetary gearbox; 1000 PPR encoder",1,"57x57 mm frame; 135 mm body; 14x34 mm keyed shaft; 47.14 mm flange pitch","4.0 A/phase; encoder 4-5 V differential",CONTROLLED_SELECTION,https://www.omc-stepperonline.com/nema-23-closed-loop-stepper-motor-l-56mm-gear-ratio-10-1-high-precision-planetary-gearbox-23hs22-hg10-e1000,2026-08-20,"incoming inspection; torque-speed test; counterbalance; proof load"
MOT-J3,Arm drive,StepperOnline,17HS15-1684D-HG10-AR4,"Same controlled motor as J1",1,"42x42 mm frame; 99.5 mm body; 8x23.5 mm keyed shaft; 31 mm flange pitch","1.68 A/phase; encoder 3.3-5.5 V differential",CONTROLLED_SELECTION,https://www.omc-stepperonline.com/nema-17-stepper-motor-with-gearbox-gear-ratio-10-1-magnetic-encoder-1000ppr-4000cpr-17hs15-1684d-hg10-ar4,2026-08-20,"incoming inspection; torque-speed test"
MOT-J4,Arm drive,StepperOnline,17HS15-1684D-HG10-AR4,"Same controlled motor as J1",1,"42x42 mm frame; 99.5 mm body; 8x23.5 mm keyed shaft; 31 mm flange pitch","1.68 A/phase; encoder 3.3-5.5 V differential",CONTROLLED_SELECTION,https://www.omc-stepperonline.com/nema-17-stepper-motor-with-gearbox-gear-ratio-10-1-magnetic-encoder-1000ppr-4000cpr-17hs15-1684d-hg10-ar4,2026-08-20,"incoming inspection; torque-speed test"
DRV-J1,Arm drive,StepperOnline,CL42T-V41,"Closed-loop stepper driver",1,"vendor STEP; enclosure layout controlled separately","24-48 VDC; 0-3 A; isolated pulse/direction; alarm output",CONTROLLED_SELECTION,https://www.omc-stepperonline.com/download/CL42T.pdf,2026-08-20,"encoder compatibility confirmation; I/O timing test"
DRV-J2,Arm drive,StepperOnline,CL57T-V41,"Closed-loop stepper driver matched to 4 A NEMA23",1,"vendor drawing/STEP required before drilling enclosure","24-48 VDC; pulse/direction; alarm output",CONTROLLED_SELECTION,https://www.omc-stepperonline.com/closed-loop-stepper-driver,2026-08-20,"exact driver current setting and connector revision confirmation"
DRV-J3,Arm drive,StepperOnline,CL42T-V41,"Same controlled driver as J1",1,"vendor STEP; enclosure layout controlled separately","24-48 VDC; 0-3 A; isolated pulse/direction; alarm output",CONTROLLED_SELECTION,https://www.omc-stepperonline.com/download/CL42T.pdf,2026-08-20,"encoder compatibility confirmation; I/O timing test"
DRV-J4,Arm drive,StepperOnline,CL42T-V41,"Same controlled driver as J1",1,"vendor STEP; enclosure layout controlled separately","24-48 VDC; 0-3 A; isolated pulse/direction; alarm output",CONTROLLED_SELECTION,https://www.omc-stepperonline.com/download/CL42T.pdf,2026-08-20,"encoder compatibility confirmation; I/O timing test"
ACT-G1,Gripper,ROBOTIS,XL330-M288-T,"Smart gripper actuator",1,"20x34x26 mm; official STEP and drawing","5 V nominal; TTL half duplex; Protocol 2.0",CONTROLLED_SELECTION,https://emanual.robotis.com/docs/en/dxl/x/xl330-m288/,2026-08-20,"grip force/damage test; thermal/current limit"
CAM-01,Vision,Raspberry Pi,Camera Module 3 Wide,"12 MP autofocus wide camera",1,"25x24 mm PCB; four 2.2 mm holes on 21x12.5 mm pattern","CSI-2; 200 mm FPC; Pi 5 22-pin adapter cable required",CONTROLLED_SELECTION,https://datasheets.raspberrypi.com/camera/camera-module-3-wide-mechanical-drawing.pdf,2026-08-20,"incoming measurement; calibration; motion blur test"
CPU-01,Control,Raspberry Pi,Raspberry Pi 5 8GB,"Linux/ROS/vision host",1,"85x56 mm board; 58x49 mm mounting pitch; M2.5 standoffs","5 V/5 A USB-C; dual 22-pin camera/display connectors",CONTROLLED_SELECTION,https://www.raspberrypi.com/products/raspberry-pi-5/,2026-08-20,"active cooling; inference and thermal benchmark"
MCU-01,Control,Raspberry Pi,Raspberry Pi Pico 2,"Deterministic motion supervisor",1,"21x51 mm nominal board; header/socket mounting","USB to Pi; 3.3 V GPIO to isolated step/dir interface",CONTROLLED_SELECTION,https://www.raspberrypi.com/products/raspberry-pi-pico-2/,2026-08-20,"firmware timing; watchdog; brownout and E-stop tests"
LIM-J1,Position sensing,Omron,D4CC-3024,"IP67 roller-lever operational home switch",1,"16 mm body; 25 mm mounting pitch; M12","NC loop through isolated 24 V input",CONTROLLED_SELECTION,https://www.ia.omron.com/products/family/325/lineup.html,2026-08-20,"cam position; repeatability; overtravel test"
LIM-J2,Position sensing,Omron,D4CC-3024,"Same controlled home switch as J1",1,"16 mm body; 25 mm mounting pitch; M12","NC loop through isolated 24 V input",CONTROLLED_SELECTION,https://www.ia.omron.com/products/family/325/lineup.html,2026-08-20,"cam position; repeatability; overtravel test"
LIM-J3,Position sensing,Omron,D4CC-3024,"Same controlled home switch as J1",1,"16 mm body; 25 mm mounting pitch; M12","NC loop through isolated 24 V input",CONTROLLED_SELECTION,https://www.ia.omron.com/products/family/325/lineup.html,2026-08-20,"cam position; repeatability; overtravel test"
LIM-J4,Position sensing,Omron,D4CC-3024,"Same controlled home switch as J1",1,"16 mm body; 25 mm mounting pitch; M12","NC loop through isolated 24 V input",CONTROLLED_SELECTION,https://www.ia.omron.com/products/family/325/lineup.html,2026-08-20,"cam position; repeatability; overtravel test"
BRG-J12,Arm bearing,ISO standard,6002-2RS,"Deep-groove ball bearing",4,"15x32x9 mm; mates to ARM-007 15 mm shaft",NA,CONTROLLED_STANDARD,"multiple ISO-bearing suppliers",2026-08-20,"load/life calculation; H7/g6 fit confirmation"
BRG-J34,Arm bearing,ISO standard,608-2RS,"Deep-groove ball bearing",4,"8x22x7 mm",NA,CONTROLLED_STANDARD,"multiple ISO-bearing suppliers",2026-08-20,"load/life calculation; fit confirmation"
