function,rank,manufacturer,model,key_specification,qty,unit_price,currency,price_status,url,checked_date,decision_gate
Traction motor,Rejected low-cost bench alternative,Robotistan generic,24148 12-24V 200rpm 60mm geared motor,"12-24V; 200rpm; metal gear claim; torque current power not published",2,1660.11,TRY,CURRENT_WEB,https://www.robotistan.com/12-24v-200rpm-60mm-dc-reduktorlu-motor,2026-08-20,"Not the vehicle baseline; insufficient published power torque and current data"
Traction motor,Preferred sample,Pilmak,24V 250W brushed geared motor,"24V; 250W; geared; bidirectional; exact output rpm torque shaft absent on page",2,8849.25,TRY,CURRENT_WEB,https://www.pilmak.com/urun/24v-250w-fircali-reduktorlu-motor/,2026-08-20,"User-selected baseline; request drawing output rpm continuous torque current duty cycle before buying pair"
Motor driver,Preferred sample,Cytron,MDDS30,"7-35V; dual brushed; 30A continuous/channel; 80A 1s peak; RC PWM UART; regen",1,86.90,USD,CURRENT_OFFICIAL,https://www.cytron.io/p-30amp-7v-35v-smartdrive-dc-motor-driver-2-channels,2026-08-20,"Turkey delivered quote and generic motor stall-current test"
Battery,Rejected undersized baseline,IYONSAN,IYN-UMY-2412-SET,"24V 12Ah LiFePO4 plus charger",1,5799.00,TRY,CURRENT_WEB,https://www.pilzenplus.com/umay,2026-08-20,"May be used for short bench tests only; too little energy margin for the 250W pair"
Battery,Preferred sample,IYONSAN,IYN-UMY-2418-SET,"24V 18Ah LiFePO4 plus charger",1,7499.00,TRY,CURRENT_WEB,https://www.pilzenplus.com/umay,2026-08-20,"Verify BMS continuous and peak current dimensions connector polarity and measured runtime"
Compute,Preferred,Raspberry Pi,Raspberry Pi 5 8GB,"BCM2712; WiFi; CSI; 5V 5A",1,4634.00,TRY,CURRENT_WEB,https://robolinkmarket.com/raspberry-pi-5-8gb,2026-08-20,"Camera pipeline benchmark and 24V to 5V supply test"
Compute,Minimum alternative,Raspberry Pi,Raspberry Pi 5 4GB,"BCM2712; lower memory",1,3544.50,TRY,CURRENT_WEB,https://robolinkmarket.com/raspberry-pi-5-8gb,2026-08-20,"Use if camera control benchmark passes"
Camera,Preferred,Raspberry Pi,Camera Module 3 Wide,"IMX708; 12MP; autofocus; approx 120 degree diagonal FOV",1,2010.84,TRY,CURRENT_COMPARISON,https://www.akakce.com/elektronik-kart/en-ucuz-raspberry-pi-kamera-modulu-3-fiyati%2C626069889.html,2026-08-20,"Seller stock Pi 5 cable and measured ground FOV"
Camera/compute,Ultra-low-cost teleop only,Espressif,ESP32-CAM OV2640,"WiFi camera streaming; limited onboard vision",1,373.50,TRY,CURRENT_WEB,https://robolinkmarket.com/raspberry-pi-5-8gb,2026-08-20,"Only P0.1 teleoperation; not the target AI computer"
Front steering,Rejected direct-fit reference,Başkent Freze,Full front steering kit,"100/110/120cm options; tie rods rod ends bearings hubs and front sets",1,7071.60,TRY,CURRENT_WEB,https://www.baskentfreze.com.tr/urun/full-set-on-direksiyon-takimi,2026-08-20,"Too wide for 450mm frame; component and price reference only; do not order as P0 set"
Steering actuator,Preferred sample class,F1Depo,24V 100mm linear actuator,"24V; 100mm stroke; 12mm/s; 1000N; IP43 listed",1,2218.80,TRY,CURRENT_WEB,https://www.f1depo.com/urun/24v-100mm-lineer-aktuator-motor,2026-08-20,"Confirm drawing current feedback duty cycle backlash and weather exposure before buying"
