category,rank,part_number,manufacturer,model,key_specification,quantity,approx_unit_price,currency,price_status,url,checked_date,fit_rationale,approval_status
J2 motor and driver,Preferred,PUR-001,StepperOnline,1-CL57TE-S20,"Closed-loop NEMA 23 kit; 2.0 Nm holding torque; 1000 PPR encoder; 24-50 VDC driver; 8 mm shaft",1,59.26,USD,VERIFIED_LIST_PRICE,https://www.omc-stepperonline.com/tes-series-2-0nm-283-22oz-in-1-axis-closed-loop-stepper-cnc-kit-nema-23-motor-driver-cl57te-1-cl57te-s20,2026-08-20,"At 12:1 its holding-torque margin is ample; running torque at 300 rpm and belt efficiency must be verified",DO_NOT_BUY_MOTOR_TEST_REQUIRED
J2 motor and driver,Alternative A,PUR-001A,StepperOnline,TBD_3NM_CLOSED_LOOP_KIT,"Closed-loop NEMA 23; target >=3 Nm holding torque; 24-50 VDC",1,,USD,PURCHASE_RESEARCH_REQUIRED,https://www.omc-stepperonline.com/closed-loop-stepper-kit,2026-08-20,"More torque margin but heavier and potentially slower; exact model not selected",UNVERIFIED
J2 motor and driver,Alternative B,PUR-001B,Leadshine,TBD_CLOSED_LOOP_STEPPER_SYSTEM,"Target torque-speed curve meeting >=0.59 Nm at 300 rpm before belt losses",1,,USD,QUOTE_REQUIRED,https://www.leadshine.com/products/closed-loop-stepper-drives.html,2026-08-20,"Industrial alternative; exact matched motor and driver require distributor confirmation",UNVERIFIED
J1 J3 J4 motor and driver,Preferred,PUR-002,StepperOnline,1-CL42T-P05-V41,"Closed-loop NEMA 17 kit; 0.48 Nm holding torque; 1000 CPR encoder; 24-48 VDC driver; 5 mm shaft",3,77.40,USD,VERIFIED_LIST_PRICE,https://www.stepperonline.nl/tp-serie-1-as-closed-loop-stappenmotor-cnc-kit-48ncm-67-97oz-in-nema-17-motor-1-cl42t-p05-v41,2026-08-20,"Meets J3/J4 preliminary shaft torque by holding torque only; J1 running-torque margin and all axes' torque-speed curves require test",DO_NOT_BUY_MOTOR_TEST_REQUIRED
J1 J3 J4 motor and driver,Alternative A,PUR-002A,StepperOnline,TBD_1_2NM_NEMA23_KIT,"Closed-loop NEMA 23; approximately 1.2 Nm holding class; 24-50 VDC",3,,USD,PURCHASE_RESEARCH_REQUIRED,https://www.omc-stepperonline.com/closed-loop-stepper-kit,2026-08-20,"Potential J1 margin; higher moving/base mass and cost",UNVERIFIED
J1 J3 J4 motor and driver,Alternative B,PUR-002B,Leadshine,TBD_CLOSED_LOOP_STEPPER_SYSTEM,"Target each axis torque-speed curve and encoder fault output",3,,USD,QUOTE_REQUIRED,https://www.leadshine.com/products/closed-loop-stepper-drives.html,2026-08-20,"Matched industrial alternative; exact model not selected",UNVERIFIED
Gripper actuator,Preferred,PUR-003,ROBOTIS,XL330-M288-T,"5 V nominal; 0.52 Nm stall torque at 5 V; current-based position/current control; 18 g",1,27.49,USD,VERIFIED_LIST_PRICE,https://www.robotis.us/dynamixel-xl330-m288-t/,2026-08-20,"Low mass and current telemetry suit compliant force limiting; stall torque is not continuous torque",PHYSICAL_FIG_TEST_REQUIRED
Gripper actuator,Alternative A,PUR-003A,ROBOTIS,XC330-M288-T,"3.7-6 V class smart actuator; higher durability/torque class than XL330",1,103.39,USD,VERIFIED_LIST_PRICE,https://robotis.us/dynamixel-x-series/,2026-08-20,"More robust but substantially more expensive",UNVERIFIED
Gripper actuator,Alternative B,PUR-003B,TBD,TBD_SPRING_LINKAGE_SERVO,"Servo plus calibrated spring/load sensor; exact model after force tests",1,,USD,PURCHASE_RESEARCH_REQUIRED,,2026-08-20,"Potentially cheaper; requires extra sensing and calibration",UNVERIFIED
AI computer,Preferred,PUR-004,Existing equipment,Existing x86 laptop or desktop,"USB camera and Python inference capable; actual latency benchmark required",1,0,USD,REUSE_ESTIMATE,,2026-08-20,"Lowest-cost V0 bench route and avoids premature embedded purchase",BENCHMARK_REQUIRED
AI computer,Alternative A,PUR-004A,Raspberry Pi,Raspberry Pi 5 4GB,"2.4 GHz quad-core Cortex-A76; 4 GB; 5 V/5 A input",1,110.00,USD,VERIFIED_OFFICIAL_LIST_PRICE,https://pip-assets.raspberrypi.com/categories/892-raspberry-pi-5/documents/RP-008348-DS-6-raspberry-pi-5-product-brief.pdf,2026-08-20,"Compact and native CSI camera support; inference rate must be benchmarked",UNVERIFIED
AI computer,Alternative B,PUR-004B,NVIDIA,Jetson Orin Nano Super Developer Kit,"67 TOPS; 8 GB LPDDR5; 7-25 W",1,399.00,USD,VERIFIED_CURRENT_MARKETPLACE_PRICE,https://marketplace.nvidia.com/en-us/enterprise/robotics-edge/jetson-orin-nano-super-developer-kit/,2026-08-20,"High AI margin but conflicts with low-cost V0 philosophy; official marketing pages still show older $249 price",DO_NOT_BUY_UNTIL_MODEL_BENCHMARK
Camera,Preferred,PUR-005,Raspberry Pi,Camera Module 3 Wide,"12 MP IMX708; autofocus; 120 degree angle of view",1,35.00,USD,VERIFIED_OFFICIAL_LIST_PRICE,https://www.raspberrypi.com/products/camera-module-3/?variant=camera-module-3-wide,2026-08-20,"Low-cost RGB option for a calibrated planar V0 table; cannot directly measure arbitrary depth",CALIBRATION_TEST_REQUIRED
Camera,Alternative A,PUR-005A,Luxonis,OAK-D Lite Autofocus,"Stereo depth; RGB autofocus; ideal depth range published as 0.4-8 m; up to 5 W",1,,USD,QUOTE_REQUIRED,https://checkout.luxonis.com/products/oak-d-lite-1,2026-08-20,"Provides RGB-D and on-device processing; price and close-range accuracy must be confirmed",UNVERIFIED
Camera,Alternative B,PUR-005B,RealSense,Depth Camera D405,"Short-range stereo depth camera; manufacturer states sub-millimeter close-range capability",1,272.00,USD,VERIFIED_OFFICIAL_LIST_PRICE,https://www.realsenseai.com/compare-all-cameras/,2026-08-20,"Designed for close range but costly; accuracy must be tested on low-texture figs and soil",UNVERIFIED
24 V bench supply,Preferred,PUR-006,MEAN WELL,LRS-450-24,"24 VDC 18.8 A 451 W; 90-132/180-264 VAC input; 91 percent efficiency",1,51.30,USD,VERIFIED_DISTRIBUTOR_PRICE,https://www.digikey.com/en/products/detail/mean-well-usa-inc/LRS-450-24/16394243,2026-08-20,"Screens above the current 392.8 W connected-peak estimate; duty-cycle derating surge and regeneration review required",HUMAN_ELECTRICAL_REVIEW_REQUIRED
24 V bench supply,Alternative A,PUR-006A,MEAN WELL,LRS-350-24,"24 VDC 14.6 A 350 W; 90-132/180-264 VAC input; 89 percent efficiency",1,31.40,USD,VERIFIED_DISTRIBUTOR_PRICE,https://www.digikey.com/en/products/detail/mean-well-usa-inc/LRS-350-24/7705034,2026-08-20,"Lower cost but below the pessimistic connected peak; consider only if measured diversified peak and overload behavior justify it",UNVERIFIED
24 V bench supply,Alternative B,PUR-006B,Existing equipment,Current-limited laboratory supply,"24 V; >=15 A peak target; actual equipment ratings TBD",1,0,USD,REUSE_ESTIMATE,,2026-08-20,"Best for one-axis current-limited bring-up if a suitable supply already exists",BENCH_RATING_CHECK_REQUIRED
Motion MCU,Preferred,PUR-007,Raspberry Pi,Raspberry Pi Pico 2,"RP2350 MCU development board",1,5.00,USD,VERIFIED_OFFICIAL_STARTING_PRICE,https://www.raspberrypi.com/products/,2026-08-20,"Low-cost deterministic step/direction generation candidate; isolated interface board still required",FIRMWARE_TIMING_TEST_REQUIRED
Motion MCU,Alternative A,PUR-007A,Teensy,Teensy 4.1,"600 MHz Cortex-M7 development board",1,,USD,PURCHASE_RESEARCH_REQUIRED,https://www.pjrc.com/store/teensy41.html,2026-08-20,"High timing margin; higher cost",UNVERIFIED
Motion MCU,Alternative B,PUR-007B,STMicroelectronics,NUCLEO-G474RE,"STM32G4 Nucleo development board",1,,USD,QUOTE_REQUIRED,https://www.st.com/en/evaluation-tools/nucleo-g474re.html,2026-08-20,"Motor-control oriented MCU family; software effort higher",UNVERIFIED
Emergency-stop button,Preferred,PUR-008,Omron,A22E-M-02,"40 mm mushroom; twist reset; DPST-NC; direct-opening family; 22.3 mm panel cutout; IP65",1,94.27,USD,VERIFIED_DISTRIBUTOR_PRICE,https://www.digikey.com/en/products/detail/omron-automation-and-safety/A22E-M-02/549568,2026-08-20,"Two NC channels support dual-channel concept; complete safety function still unvalidated",HUMAN_SAFETY_REVIEW_REQUIRED
Emergency-stop button,Alternative A,PUR-008A,Omron,A22E-S-02,"30 mm mushroom; twist reset; DPST-NC; 22.3 mm panel cutout; IP65",1,91.04,USD,VERIFIED_DISTRIBUTOR_PRICE,https://www.digikey.com/en/products/filter/emergency-stop-e-stop-switches/1056,2026-08-20,"Smaller head; accessibility and standards review required",HUMAN_SAFETY_REVIEW_REQUIRED
Emergency-stop button,Alternative B,PUR-008B,Schneider Electric,TBD_HARMONY_DUAL_NC,"22 mm latching mushroom; dual NC target",1,,USD,PURCHASE_RESEARCH_REQUIRED,https://www.se.com/ww/en/product-range/632-harmony-xb5/,2026-08-20,"Recognized industrial family; exact assembled part and contacts TBD",UNVERIFIED
Safety relay,Preferred,PUR-009,Omron,G9SE-201,"24 VDC safety relay; two normally open safety outputs plus auxiliary output; DIN rail",1,275.29,USD,VERIFIED_DISTRIBUTOR_PRICE,https://www.digikey.com/en/products/filter/machine-safety/safety-relays/989,2026-08-20,"Supports dual-channel monitored architecture; final contactors and PL/category remain TBD",HUMAN_SAFETY_REVIEW_REQUIRED
Safety relay,Alternative A,PUR-009A,Pilz,PNOZ_X3_24VDC,"Safety relay family; exact variant/output compatibility TBD",1,,USD,QUOTE_REQUIRED,https://www.pilz.com/en-INT/products/relay-modules/safety-relays-protection-relays/pnoz-x-safety-relays,2026-08-20,"Widely used alternative; obtain local quote and validate circuit",UNVERIFIED
Safety relay,Alternative B,PUR-009B,Schneider Electric,TBD_PREVENTA_XPS,"24 V safety module; exact model TBD",1,,USD,PURCHASE_RESEARCH_REQUIRED,https://www.se.com/ww/en/work/products/industrial-automation-control/safety-products/,2026-08-20,"Industrial alternative; exact diagnostics and outputs TBD",UNVERIFIED
Final switching contactors,Preferred,PUR-010,TBD,TWO_FORCE_GUIDED_CONTACTORS,"Two independent 24 VDC-coil contactors with mechanically linked feedback and DC load rating",2,,USD,PURCHASE_RESEARCH_REQUIRED,,2026-08-20,"Cannot select until driver bus current and safety architecture are reviewed",HUMAN_SAFETY_REVIEW_REQUIRED
Final switching contactors,Alternative A,PUR-010A,Omron,G7SA_family,"Force-guided relay family; exact socket/contact rating and DC breaking capability TBD",2,,USD,QUOTE_REQUIRED,https://www.ia.omron.com/products/family/948/,2026-08-20,"May suit control circuit but must not be assumed adequate for actuator DC bus",UNVERIFIED
Final switching contactors,Alternative B,PUR-010B,TBD,TBD_DC_CONTACTOR,"24 VDC coil; >=20 A DC switching target; force-guided feedback required",2,,USD,PURCHASE_RESEARCH_REQUIRED,,2026-08-20,"Generic rating target only; no model selected",UNVERIFIED
