system,rank,internal_id,manufacturer,model,published_specification,qty,web_price,currency,price_status,source_url,checked_date,manufacturing_effect,fit_status,release_gate
Arm,Pilot preferred,RM-ARM-001,Waveshare,RoArm-M3-Pro,"5+1 DOF; 0.2kg@0.5m; approx +/-5mm; ROS2; 12V 5A; drawings",1,339.99,USD,PUBLISHED_RANGE_MAX,https://www.waveshare.com/product/ai/robots/roarm-m3.htm,2026-08-20,"Only flat base and EOAT adapters","FIT_FOR_DRY_SUPERVISED_PILOT","IP/dust/temperature and 1000-cycle fig task test"
Arm,Industrial ready alternative,RM-ARM-002,UFACTORY,Lite 6,"440mm reach; 600g; +/-0.5mm; 8kg; Python/C++/ROS",1,3500,USD,CURRENT_US_LIST,https://www.ufactory.us/product/lite-6,2026-08-20,"Complete arm; only mounting and EOAT","TECHNICALLY_FIT_COST_HIGH","Outdoor protection method and delivered Turkey quote"
Arm joint,Modular production candidate,RM-ACT-001,MyActuator,RMD-X6-P20-60-C,"48V; 20Nm rated; 60Nm peak; dual encoder; CAN; 0.82kg; no brake",1,,USD,QUOTE_REQUIRED,https://www.myactuator.com/x6-60details,2026-08-20,"Eliminates custom gearbox shaft bearings and driver","FIT_FOR_J2_PRELIMINARY","Current V4 STEP quote thermal curve counterbalance and IP plan"
Arm joint,Modular production candidate,RM-ACT-002,MyActuator,RMD-X4-P36-36-C,"24V; 10.5Nm rated; 34Nm peak; dual encoder; CAN; 0.36kg",2,,USD,QUOTE_REQUIRED,https://www.myactuator.com/x4-36details,2026-08-20,"Eliminates custom gearbox shaft bearings and driver","FIT_FOR_J1_J3_PRELIMINARY","Current V4 STEP quote thermal curve and IP plan"
Arm joint,Modular distal candidate,RM-ACT-003,MyActuator,RMD-X2-P28-7-C,"24V; 2.5Nm rated; 7Nm peak; dual encoder; CAN; 0.26kg",2,,USD,QUOTE_REQUIRED,https://www.myactuator.com/downloads-xseries,2026-08-20,"Eliminates custom distal gearbox and encoder","PRELIMINARY_ONLY","New wrist mass torque and cable-envelope calculation"
Chassis,Ready reference,RM-CHS-001,AgileX,Ranger Mini 3.0,"4WD/4WS; independent suspension; 105mm clearance; CAN; ROS2; IP54; approx 75kg",1,3200,USD,PUBLISHED_OFFICIAL_PAGE,https://global.agilex.ai/,2026-08-20,"No chassis manufacturing","REJECT_HIGH_CLEARANCE","Use only if 105mm clearance is accepted after field survey"
Chassis,Legacy reference,RM-CHS-002,AgileX,Ranger Mini 1.0,"4WS; 200-212mm clearance; IP22; CAN; ROS2",1,,USD,DISCONTINUED,https://westonrobot.github.io/docs-legacy/robot_user_guide/agilex/ranger_mini.html,2026-08-20,"No chassis manufacturing","REJECT_DISCONTINUED_IP22","None"
Drive wheel,Preferred sample,RM-DRV-001,Lunyee,LY16,"16in; 48V; 500W; 15km/h; encoder optional; CAN controller claimed",4,166,USD,PUBLISHED_RANGE_MAX,https://www.lunyee.com/products/16inch-500w-48v-15km-per-hour-gear-hub-motor.html,2026-08-20,"Direct bolt-on hub motor; no chain shaft or gearbox","PROMISING_DOCUMENTS_INCOMPLETE","Exact variant STEP torque thermal encoder CAN regen IP and sample quote"
Drive wheel,Alternative sample,RM-DRV-002,TECICLO,T-HM-015GE,"15x6-6; approx 380mm; 24/36/48V; 250-500W; encoder; IP65 claim",4,,USD,QUOTE_REQUIRED,https://www.alibaba.com/product-detail/Reversible-15-Inch-Waterproof-24V-36V_1601401032953.html,2026-08-20,"Direct bolt-on hub motor; no chain shaft or gearbox","PROMISING_MARKETPLACE_SOURCE","Manufacturer datasheet STEP CAN driver and IP report"
Structure,Preferred,RM-STR-001,TT Sigma Profil,40x80 heavy closed-or-standard,"6063-T5 class; 40x80; CAD; standard brackets/T nuts/plates",1,,TRY,CUT_LIST_QUOTE_REQUIRED,https://sigmaprofil.com.tr/urun-detay/40x80-agir-sigma-profil-311,2026-08-20,"Cut-to-length bolt-together chassis","FIT_PENDING_DEFLECTION","Final spans loads and supplier cut tolerance"
RTK GNSS,Preferred ready board,RM-NAV-001,ArduSimple,simpleRTK2B Budget,"u-blox ZED-F9P; 69x53mm; CAD; USB/UART/Pixhawk; RTK/NTRIP",1,172,EUR,PUBLISHED_BOARD_PRICE,https://www.ardusimple.com/simplertk2b/,2026-08-20,"Ready board and antenna mounts","FIT","IP67 antenna correction service and canopy dropout test"
LiDAR,Preferred,RM-NAV-002,SLAMTEC,RPLIDAR S2E,"IP65; outdoor/daylight; 30m; 10Hz; 32k samples/s; Ethernet",1,,USD,QUOTE_REQUIRED,https://www.slamtec.com/en/s2/spec,2026-08-20,"Ready sensor model and ROS2 driver","FIT_PRELIMINARY","Trunk/low-obstacle field test and mounting vibration isolation"
Depth camera,Preferred,RM-VIS-001,Luxonis,OAK-D Pro PoE Fixed Focus,"PoE; RGB+global-shutter stereo+IMU; active IR; IP-rated enclosure; MinZ approx 0.2-0.35m configured",2,,USD,QUOTE_REQUIRED,https://docs.luxonis.com/hardware/products/OAK-D%20Pro%20PoE,2026-08-20,"Ready sealed camera and network cabling","FIT_PRELIMINARY","Sunlight wet-soil fig depth and wheel-corridor FOV test"
AI computer,Preferred,RM-COM-001,NVIDIA,Jetson Orin Nano Super 8GB,"67 TOPS; 8GB; 7-25W; NVMe support",1,249,USD,OFFICIAL_MARKETING_PRICE,https://www.nvidia.com/en-eu/autonomous-machines/embedded-systems/jetson-orin/nano-super-developer-kit/,2026-08-20,"Ready compute module; only sealed enclosure and harness","FIT_FOR_PILOT","Current Turkey price industrial enclosure thermals and model benchmark"
Vehicle controller,Preferred,RM-CTL-001,CubePilot/Pixhawk,Cube Orange+ class with ArduPilot Rover,"Skid/steering support; waypoint; geofence; RC/GCS/battery/EKF failsafes; MAVLink",1,,USD,EXACT_KIT_QUOTE_REQUIRED,https://ardupilot.org/rover/docs/rover-motor-and-servo-configuration.html,2026-08-20,"Reuses mature low-level firmware and sensor interfaces","FIT_ARCHITECTURE","Exact autopilot carrier IO safety boundary and CAN compatibility"
Battery,Local candidate,RM-PWR-001,Kartek or equivalent documented supplier,51.2V 30Ah LiFePO4,"16S; 50A discharge BMS stated; custom size; protections",1,,TRY,QUOTE_REQUIRED,https://www.kartekbatarya.com/48-volt-30ah-lifepo4-batarya,2026-08-20,"Complete battery pack; no cell assembly","CURRENT_MARGIN_TIGHT_FOR_4X500W","Require >=80A continuous BMS CAN UN38.3 IP65 dimensions fuse and charger documents"
Battery,Offshore reference,RM-PWR-002,Power Queen,51.2V 30Ah Smart GC2,"1536Wh; 100A BMS; IP65; UN38.3; 260x180x265mm; 13.2kg approx",1,360.99,USD,PUBLISHED_WEB_PRICE,https://ipowerqueen.com/products/power-queen-48v-30ah-gc2-golf-cart-smart-lifepo4-battery,2026-08-20,"Complete battery pack; no cell assembly","ELECTRICALLY_PROMISING","Turkey delivery warranty CAN protocol mechanical mounting and charger"
