cable_id,from,to,conductors,signal_or_power,length_mm,conductor_spec,status,notes
CBL-001,IEC_INLET,PS1,3,230VAC_L_N_PE,1000,"H05VV-F 3G1.5 mm2 or local-code equivalent",CONTROLLED_CLASS,"Mains design and enclosure require licensed/human electrical review"
CBL-002,PS1,24V_DISTRIBUTION,2,24V_MAIN,600,"4.0 mm2 flexible copper 90C; red/blue; ferrules",CONTROLLED_CLASS,"18.8 A supply maximum; fuse/short-circuit review required"
CBL-003,24V_DISTRIBUTION,J1_DRIVER,2,24V_BRANCH,800,"1.0 mm2 flexible copper; fused 5 A initial setting",CONTROLLED_CLASS,"Fuse value validated from measured input current and driver manual"
CBL-004,24V_DISTRIBUTION,J2_DRIVER,2,24V_BRANCH,800,"1.5 mm2 flexible copper; fused 8 A initial setting",CONTROLLED_CLASS,"Fuse value validated from measured input current and driver manual"
CBL-005,24V_DISTRIBUTION,J3_DRIVER,2,24V_BRANCH,1000,"1.0 mm2 flexible copper; fused 5 A initial setting",CONTROLLED_CLASS,"Route separately from encoder cable"
CBL-006,24V_DISTRIBUTION,J4_DRIVER,2,24V_BRANCH,1200,"1.0 mm2 high-flex copper; fused 5 A initial setting",CONTROLLED_CLASS,"Minimum bend radius and moving-cycle test required"
CBL-007,J1_DRIVER,J1_MOTOR,4,MOTOR_PHASES,1700,"StepperOnline motor extension or 4x0.75 mm2 shielded high-flex",CONTROLLED_VENDOR_OR_CLASS,"Verify delivered connector pinout and shield termination"
CBL-008,J1_MOTOR,J1_DRIVER,8,DIFFERENTIAL_ENCODER,1700,"Vendor encoder extension; shielded twisted pairs",CONTROLLED_VENDOR,"17HS15 has A/B/Z differential channels"
CBL-009,J2_DRIVER,J2_MOTOR,4,MOTOR_PHASES,1700,"StepperOnline motor extension or 4x1.0 mm2 shielded high-flex",CONTROLLED_VENDOR_OR_CLASS,"Verify connector pinout"
CBL-010,J2_MOTOR,J2_DRIVER,6,DIFFERENTIAL_ENCODER,1700,"Vendor encoder extension; shielded twisted pairs",CONTROLLED_VENDOR,"23HS22 encoder has A/B differential channels"
CBL-011,J3_DRIVER,J3_MOTOR,4,MOTOR_PHASES,2000,"4x0.75 mm2 shielded high-flex; moving-chain rated",CONTROLLED_CLASS,"Bending-cycle rating required"
CBL-012,J3_MOTOR,J3_DRIVER,8,DIFFERENTIAL_ENCODER,2000,"4-pair 0.25 mm2 shielded high-flex",CONTROLLED_CLASS,"A/B/Z differential; segregate from phase cable"
CBL-013,J4_DRIVER,J4_MOTOR,4,MOTOR_PHASES,2300,"4x0.75 mm2 shielded high-flex; moving-chain rated",CONTROLLED_CLASS,"Bending-cycle rating required"
CBL-014,J4_MOTOR,J4_DRIVER,8,DIFFERENTIAL_ENCODER,2300,"4-pair 0.25 mm2 shielded high-flex",CONTROLLED_CLASS,"A/B/Z differential; segregate from phase cable"
CBL-015,PICO_INTERFACE,J1_J4_DRIVERS,24,STEP_DIR_ENABLE_ALARM,1500,"12-pair 0.25 mm2 overall-shielded control cable",CONTROLLED_CLASS,"Use one twisted pair per signal/common; terminate shield at enclosure end per EMC review"
CBL-016,ESTOP,SAFETY_RELAY,4,DUAL_CHANNEL_NC,1500,"4x0.75 mm2 numbered control cable",CONTROLLED_CLASS,"Independent channels; protected routing; safety validation required"
CBL-017,DDR60G5,PI5,2,5V_COMPUTE,500,"2x1.5 mm2 flexible; dedicated 6.3 A fuse; locking terminal adapter",HUMAN_ELECTRICAL_REVIEW_REQUIRED,"GPIO/terminal power path bypasses USB-C negotiation and requires explicit design approval"
CBL-018,DDR15G5,XL330,3,5V_SERVO_AND_TTL,1500,"2x0.5 mm2 power plus 0.25 mm2 data; flexible",CONTROLLED_CLASS,"JST EHR-03 at actuator; strain relief required"
CBL-019,CAMERA,PI5,1,CSI_FFC,200,"Raspberry Pi Standard-Mini Camera Cable 200 mm",CONTROLLED_SELECTION,"22-pin Pi 5 to 15-pin camera; keep away from motor phases"
CBL-020,PI5,PICO2,1,USB_DATA,500,"USB-A to Micro-USB data cable with ferrite; exact Pico connector revision check",CONTROLLED_CLASS,"Retention clamp required"
CBL-021,D4CC_SWITCHES,INPUT_INTERFACE,4,24V_NC_HOME_LOOPS,1000,"Omron XS2F-D421-C80-F M12 cable per switch",CONTROLLED_SELECTION,"Four cables; open circuit treated as operational stop"
