signal_id,source,source_pin,destination,destination_pin,signal_type,nominal_level,status,notes
SIG-001,PICO2,GPIO2,J1_DRIVER,PUL,isolated_digital_output,3.3V_to_driver_interface,CONTROLLED,"Interface board shall satisfy CL42T 7-16 mA input; direct GPIO connection prohibited"
SIG-002,PICO2,GPIO3,J1_DRIVER,DIR,isolated_digital_output,3.3V_to_driver_interface,CONTROLLED,"Direction verified with uncoupled motor during commissioning"
SIG-003,PICO2,GPIO4,J1_DRIVER,ENA,isolated_digital_output,3.3V_to_driver_interface,CONTROLLED,"Active-low request; not a safety function"
SIG-004,PICO2,GPIO5,J2_DRIVER,PUL,isolated_digital_output,3.3V_to_driver_interface,CONTROLLED,"Pulse width firmware minimum 3 us"
SIG-005,PICO2,GPIO6,J2_DRIVER,DIR,isolated_digital_output,3.3V_to_driver_interface,CONTROLLED,"Direction verified with uncoupled motor"
SIG-006,PICO2,GPIO7,J2_DRIVER,ENA,isolated_digital_output,3.3V_to_driver_interface,CONTROLLED,"Not a safety function"
SIG-007,PICO2,GPIO8,J3_DRIVER,PUL,isolated_digital_output,3.3V_to_driver_interface,CONTROLLED,"Pulse width firmware minimum 3 us"
SIG-008,PICO2,GPIO9,J3_DRIVER,DIR,isolated_digital_output,3.3V_to_driver_interface,CONTROLLED,"Direction verified with uncoupled motor"
SIG-009,PICO2,GPIO20,J3_DRIVER,ENA,isolated_digital_output,3.3V_to_driver_interface,CONTROLLED,"Not a safety function"
SIG-010,PICO2,GPIO18,J4_DRIVER,PUL,isolated_digital_output,3.3V_to_driver_interface,CONTROLLED,"Pulse width firmware minimum 3 us"
SIG-011,PICO2,GPIO19,J4_DRIVER,DIR,isolated_digital_output,3.3V_to_driver_interface,CONTROLLED,"Direction verified with uncoupled motor"
SIG-012,PICO2,GPIO21,J4_DRIVER,ENA,isolated_digital_output,3.3V_to_driver_interface,CONTROLLED,"Not a safety function"
SIG-013,J1_HOME,NC_LOOP,PICO2,GPIO10,isolated_digital_input,24V_field_to_3.3V,CONTROLLED,"Open circuit/actuation is stop input; operational only"
SIG-014,J2_HOME,NC_LOOP,PICO2,GPIO11,isolated_digital_input,24V_field_to_3.3V,CONTROLLED,"Open circuit/actuation is stop input; operational only"
SIG-015,J3_HOME,NC_LOOP,PICO2,GPIO12,isolated_digital_input,24V_field_to_3.3V,CONTROLLED,"Open circuit/actuation is stop input; operational only"
SIG-016,J4_HOME,NC_LOOP,PICO2,GPIO13,isolated_digital_input,24V_field_to_3.3V,CONTROLLED,"Open circuit/actuation is stop input; operational only"
SIG-017,J1_DRIVER,ALM_NC,PICO2,GPIO14,isolated_digital_input,driver_output_to_3.3V,CONTROLLED,"Open circuit or driver alarm latches fault"
SIG-018,J2_DRIVER,ALM_NC,PICO2,GPIO15,isolated_digital_input,driver_output_to_3.3V,CONTROLLED,"Open circuit or driver alarm latches fault"
SIG-019,J3_DRIVER,ALM_NC,PICO2,GPIO16,isolated_digital_input,driver_output_to_3.3V,CONTROLLED,"Open circuit or driver alarm latches fault"
SIG-020,J4_DRIVER,ALM_NC,PICO2,GPIO17,isolated_digital_input,driver_output_to_3.3V,CONTROLLED,"Open circuit or driver alarm latches fault"
SIG-021,SAFETY_RELAY,AUX_STATUS,PICO2,GPIO22,isolated_digital_input,24V_field_to_3.3V,CONTROLLED,"Monitoring only; firmware cannot energize the safety relay"
SIG-022,PI5,USB2,PICO2,USB,data_and_5V,USB,CONTROLLED,"CRC protocol at 115200 baud; 300 ms MCU watchdog"
SIG-023,CAMERA,CSI_2,PI5,CAM0,data_and_power,MIPI_CSI_2,CONTROLLED,"Official 22-pin-to-15-pin standard-mini camera cable"
SIG-024,PI5,UART_HALF_DUPLEX_INTERFACE,XL330,DATA,half_duplex_UART,3.3V_TTL_5V_tolerant,CONTROLLED,"JST EHR-03; Protocol 2.0; interface transceiver required"
