prototype,device,nominal_voltage_V,average_current_A,peak_current_A,average_watts,peak_watts,status,notes
V0,J1 closed-loop stepper driver,24,1.2,3.0,28.8,72.0,ESTIMATE,"Electrical input; confirm from measured motion profile"
V0,J2 closed-loop stepper driver,24,2.5,6.0,60.0,144.0,ESTIMATE,"Dominant axis; driver phase rating is not DC-bus current"
V0,J3 closed-loop stepper driver,24,1.2,3.0,28.8,72.0,ESTIMATE,"Electrical input; confirm from measured motion profile"
V0,J4 closed-loop stepper driver,24,0.8,2.0,19.2,48.0,ESTIMATE,"May be reduced after final wrist design"
V0,5 V gripper servo rail,5,0.4,2.0,2.0,10.0,ESTIMATE,"Peak based on candidate smart-servo stall current; do not operate continuously at stall"
V0,AI computer Raspberry Pi 5 class,5,3.0,5.0,15.0,25.0,ESTIMATE,"Official board input supports 5 V/5 A; workload measurement required"
V0,Camera Module 3 class,5,0.3,0.5,1.5,2.5,ESTIMATE,"Included within host rail if powered by CSI connector"
V0,MCU and isolated I/O,5,0.2,0.5,1.0,2.5,ESTIMATE,"Includes interface headroom"
V0,Safety relay and contactor coils,24,0.15,0.30,3.6,7.2,ESTIMATE,"Actual coil draw depends on selected devices"
V0,Auxiliary fans and indicators,24,0.20,0.40,4.8,9.6,ESTIMATE,"Optional bench enclosure cooling"
V0,TOTAL_CONNECTED_LOAD_EQUIVALENT,24,6.86,16.37,164.7,392.8,CALCULATED_FROM_ESTIMATE_INPUTS,"Watt totals are the arithmetic sum of V0 device rows; equivalent 24 V currents are watts divided by 24; simultaneous-peak test required"
V1,Arm actuator and gripper subsystem,24,5.78,14.83,138.8,356.0,CALCULATED_FROM_ESTIMATE_INPUTS,"Sum of J1-J4 and gripper rows expressed as equivalent 24 V input; no mobile validation yet"
V1,AI and camera subsystem,24,1.0,1.6,24.0,38.4,ESTIMATE,"Assumes 24-to-5 V converter efficiency already included approximately"
V1,Mobile safety and auxiliaries,24,0.5,1.0,12.0,24.0,ESTIMATE,"Does not include traction"
V1,Traction drive placeholder,24,0.0,0.0,0.0,0.0,UNVERIFIED,"V2-only electric drive must not be purchased before V1 manual-push tests"
V1,TOTAL_WITHOUT_TRACTION,24,7.28,17.43,174.8,418.4,CALCULATED_FROM_ESTIMATE_INPUTS,"Arithmetic sum of V1 rows; battery capacity and runtime intentionally not claimed; measure duty cycle first"
