interface_id,subsystem,current_baseline,required_supplier_evidence,release_state,closure_criterion
MIF-001,Wheel tyre rim and hub,"4 x nominal 254 x 60 mm pneumatic; 670 mm track","Controlled drawing or measured sample: total width diameter bore hub offset bearing arrangement rated load and mass",OPEN_SUPPLIER_DIMENSION_GATE,"Incoming inspection drawing approved and CAD updated"
MIF-002,Front kingpin and steering knuckle,"Kingpin centres at Y +/-290 mm; packaging envelopes only","Material bearings shaft fits fastener retention steering arm geometry and left/right controlled drawings",OPEN_DESIGN_FREEZE,"Detailed drawings reviewed and first article measured"
MIF-003,Ackermann tie rods and stops,"+/-30 degree steering limit; representative unequal wheel angles","Hard-point coordinates rod-end model thread engagement adjustment range lock method and mechanical stops",OPEN_DESIGN_FREEZE,"Full sweep/tolerance model passes and hard stops are drawing-controlled"
MIF-004,Steering actuator,"24 V 100 mm stroke class; 205 mm closed envelope","Exact SKU CAD open/closed dimensions clevis interfaces feedback signal backlash duty cycle current and ingress rating",OPEN_COMPONENT_SELECTION,"Selected SKU controlled and measured stroke/feedback test passes"
MIF-005,Rear traction gearmotors,"2 x 24 V 250 W candidate","Exact SKU output rpm continuous torque stall current duty cycle shaft drawing mass and thermal data",OPEN_COMPONENT_SELECTION,"One sampled motor passes torque-speed-current-temperature test"
MIF-006,Rear shafts bearings sprockets and chain,"Separately supported wheel shafts with guarded chain reduction","Shaft material fits bearing blocks sprocket part numbers ratio alignment tensioning retention and lubrication",OPEN_AFTER_MIF-005,"Detailed drawings and proof-torque/guard inspection accepted"
MIF-007,Battery and hold-down,"260 x 175 x 110 mm envelope on low central tray","Exact SKU dimensions mass centre of mass terminals BMS current charger connectors restraint loads and service clearance",OPEN_COMPONENT_SELECTION,"Battery SKU frozen and tray/straps pass static restraint test"
MIF-008,Electronics tray mechanical interfaces,"200 x 140 x 70 mm service envelope","Controlled module hole patterns connector keepouts enclosure/IP strategy ventilation glands and bonding points",OPEN_COMPONENT_SELECTION,"Module list frozen and fit/service inspection passes"
MIF-009,Custom arm to vehicle adapter,"Front-centre base at X=105 Y=0 deck top Z=111 mm","Custom 605 mm arm base pattern adapter thickness fasteners locating features load path and removal procedure",OPEN_INTEGRATION_DESIGN,"Custom arm assembly integrated; sweep/stability/tolerance review passes"
MIF-010,Camera and sensor bridge,"Two posts at X=30 Y +/-175 mm; bridge Z=600 mm","Sensor SKU optical datum bracket fasteners cable path modal/vibration evidence and calibration retention method",OPEN_COMPONENT_SELECTION,"Sensor SKU frozen and loaded vibration/repeatability test passes"
MIF-011,Guards and service access,"Rear chain guards and open service envelopes in packaging CAD","Guard material thickness fasteners tool access pinch/entanglement coverage and removal sequence",OPEN_DESIGN_FREEZE,"Guard/access drawing review and physical inspection accepted"
MIF-012,Mass properties and stability,"20 kg payload design target; low central battery; front-centre arm","Measured part masses assembly centre of mass load cases static stability and braking/tip margin calculation",OPEN_PHYSICAL_VALIDATION,"First-article mass report and stability tests accepted"

