part_number,quantity,process,material,upload_file,companion_drawing,finish,tolerance_note,release_status
ARM-001,1,CNC milling,EN AW-6082-T6,cad/arm/ARM-001/ARM-001.step,cad/arm/ARM-001/ARM-001_drawing.pdf,"debur; clear anodize optional","bearing/motor interfaces per drawing; general tolerance ISO 2768-m unless quoted otherwise",RFQ_ONLY_FIRST_ARTICLE_REQUIRED
ARM-002,1,CNC milling/fabrication,EN AW-6082-T6,cad/arm/ARM-002/ARM-002.step,cad/arm/ARM-002/ARM-002_drawing.pdf,"debur; clear anodize optional","coaxial bearing seats require human drawing review",RFQ_ONLY_FIRST_ARTICLE_REQUIRED
ARM-003,1,Saw and jig drill,EN AW-6060-T66 or 6082-T6 tube,cad/arm/ARM-003/ARM-003.step,cad/arm/ARM-003/ARM-003_drawing.pdf,Debur,"stock substitution requires written approval",RFQ_ONLY_FIRST_ARTICLE_REQUIRED
ARM-004,1,CNC milling,EN AW-6082-T6,cad/arm/ARM-004/ARM-004.step,cad/arm/ARM-004/ARM-004_drawing.pdf,"debur; clear anodize optional","22 mm bearing-seat fit requires drawing review",RFQ_ONLY_FIRST_ARTICLE_REQUIRED
ARM-005,1,Saw and jig drill,EN AW-6060-T66 or 6082-T6 tube,cad/arm/ARM-005/ARM-005.step,cad/arm/ARM-005/ARM-005_drawing.pdf,Debur,"stock substitution requires written approval",RFQ_ONLY_FIRST_ARTICLE_REQUIRED
ARM-006,1,CNC milling,EN AW-6082-T6,cad/arm/ARM-006/ARM-006.step,cad/arm/ARM-006/ARM-006_drawing.pdf,"debur; clear anodize optional","22 mm bearing-seat fit requires drawing review",RFQ_ONLY_FIRST_ARTICLE_REQUIRED
ARM-007,2,CNC turning,C45 or 42CrMo4+QT,cad/arm/ARM-007/ARM-007.step,cad/arm/ARM-007/ARM-007_drawing.pdf,"black oxide optional; protect journals","15 mm g6 journals and retaining-ring grooves require drawing signoff",BLOCKED_FOR_DRAWING_SIGNOFF
ARM-008,2,CNC turning,C45 or 42CrMo4+QT,cad/arm/ARM-008/ARM-008.step,cad/arm/ARM-008/ARM-008_drawing.pdf,"black oxide optional; protect journals","g6 journal proposed; final signoff required",BLOCKED_FOR_DRAWING_SIGNOFF
GRP-001,1,3D print,PA12 SLS preferred,cad/gripper/GRP-001/GRP-001.stl,cad/gripper/GRP-001/GRP-001_drawing.pdf,As printed,"heat-set insert pilot holes must be matched to selected insert",RFQ_ONLY_PHYSICAL_FIT_REQUIRED
VIS-001,1,CNC/standard extrusion assembly,EN AW-5754 bracket plus 30-series extrusion,cad/test_stand/VIS-001/VIS-001.step,cad/test_stand/VIS-001/VIS-001_drawing.pdf,Debur,"camera hole pattern controlled; mast assembly may need split quote",RFQ_ONLY_FIRST_ARTICLE_REQUIRED
ELE-001,1,Sheet cutting,EN AW-5754 H22 3 mm,cad/test_stand/ELE-001/ELE-001.dxf,cad/test_stand/ELE-001/ELE-001_drawing.pdf,Debur,"module holes remain blocked until exact driver enclosure revisions are received",BLOCKED_FOR_INCOMING_COMPONENTS
